mut_type,motif,unpaired,nt_site_boundary,nt_site_before_boundary,rate,predicted_count,residual
AC,AAA,0,0,False,0.05214322852455936,0.26540317440028527,0.399153078856124
AC,AAC,0,0,False,0.029089402060467416,0.14806178801563752,0.399153078856124
AC,AAG,0,0,False,0.038026261760808776,0.19354939974883567,0.36200368796240556
AC,AAT,0,0,False,0.03472060689222559,0.1767239878896426,0.399153078856124
AC,CAA,0,0,False,0.09079428016881828,0.46213268445477174,0.5744296882258441
AC,CAC,0,0,False,0.06181499097233625,0.3146313585445879,0.3716766430406694
AC,CAG,0,0,False,0.07304886757707103,0.37181052822936156,0.5144763388091143
AC,CAT,0,0,False,0.06889356916838216,0.3506605262165968,0.3460310242451563
AC,GAA,0,0,False,0.03551626094131148,0.18077377760015845,0.40308297420045613
AC,GAC,0,0,False,0.015011458955880198,0.07640663940464865,0.37876845195077014
AC,GAG,0,0,False,0.022960184466263633,0.11686475913727445,0.27181584504766504
AC,GAT,0,0,False,0.020020030534852292,0.10189970598076503,0.2951626197337418
AC,TAA,0,0,False,0.061095737920921864,0.31097044132783824,0.3841652110792857
AC,TAC,0,0,False,0.03666943235127376,0.1866432905070451,0.29517246303816713
AC,TAG,0,0,False,0.04613833618871792,0.23483894711785636,0.35171122069673855
AC,TAT,0,0,False,0.042635883524142944,0.217011856589177,0.3901625395900686
AG,AAA,0,0,False,0.682353435130286,3.4731023158878602,0.4533839517536814
AG,AAC,0,0,False,0.8499927471919321,4.326367578403879,0.32715974788838986
AG,AAG,0,0,False,0.8789799332603394,4.4739090985048735,0.3854846548611658
AG,AAT,0,0,False,0.7209993897872801,3.6698058828498636,0.4209990002842743
AG,CAA,0,0,False,0.512696803556084,2.6095691237180456,0.489361370367788
AG,CAC,0,0,False,0.6439005801675449,3.2773816046730095,0.4866782808051518
AG,CAG,0,0,False,0.6665875516108279,3.392855740221405,0.3665125334520175
AG,CAT,0,0,False,0.5429432603053715,2.7635201900936326,0.31837769604587124
AG,GAA,0,0,False,0.8164413509273628,4.155594741237026,0.30532215993864076
AG,GAC,0,0,False,1.0128774448426499,5.155432387794611,0.2888805861231158
AG,GAG,0,0,False,1.046843998002804,5.328318326913148,0.2466931467382125
AG,GAT,0,0,False,0.8617258387070287,4.386087695890831,0.2884989841076321
AG,TAA,0,0,False,0.9178168736815885,4.6715847615478605,0.34847662273083396
AG,TAC,0,0,False,1.1360244210250143,5.782236659823949,0.24440119934623966
AG,TAG,0,0,False,1.1737555635511105,5.974283935827563,0.25096949262054186
AG,TAT,0,0,False,0.968120342937934,4.927623767987462,0.2940816493802308
AT,AAA,0,0,False,0.38409676938195053,1.9550093992137483,0.5441235000132352
AT,AAC,0,0,False,0.17551164563586769,0.8933345558769445,0.5441235000132352
AT,AAG,0,0,False,0.4038838689245087,2.055723512615758,0.5441235000132352
AT,AAT,0,0,False,0.16401195495970955,0.8348024224353756,0.5441235000132352
AT,CAA,0,0,False,0.5170534979536131,2.631744208685244,0.4699683457721665
AT,CAC,0,0,False,0.2509709104413625,1.2774137351678339,0.5445625972058656
AT,CAG,0,0,False,0.5422950039205275,2.760220637932573,0.4097972589759302
AT,CAT,0,0,False,0.23630127630950784,1.2027469457101916,0.5405574265990726
AT,GAA,0,0,False,0.6375159184108367,3.24488439370909,0.6023853608485971
AT,GAC,0,0,False,0.3193390613581704,1.6253999415196763,0.6033145150430508
AT,GAG,0,0,False,0.6676992652841425,3.398514237906927,0.48759696052160234
AT,GAT,0,0,False,0.30179737204349055,1.5361147138842832,0.662537513503338
AT,TAA,0,0,False,0.14963749810082497,0.7616380521311652,0.6493655480851377
AT,TAC,0,0,False,0.04244486197045968,0.2160395783440251,0.3893599232511492
AT,TAG,0,0,False,0.15980615885307856,0.8133953928139841,0.7941734918522418
AT,TAT,0,0,False,0.03653513007720273,0.1859597070221667,0.39017222541475677
CA,ACA,0,0,False,0.47917248856571515,2.4389341271940332,0.5272893491443105
CA,ACC,0,0,False,0.16498882838787565,0.8397745984236817,0.5272893491443105
CA,ACG,0,0,False,0.578032097551004,2.942118429107919,0.5929692119948248
CA,ACT,0,0,False,0.3706727306383756,1.8866825503279117,0.5272893491443105
CA,CCA,0,0,False,0.5530287822964765,2.8148543638236383,0.5646737952283014
CA,CCC,0,0,False,0.19865776480893999,1.011145701780335,0.5328593906310594
CA,CCG,0,0,False,0.6645335633048421,3.3824011705291404,0.44354076253803526
CA,CCT,0,0,False,0.4306507770491663,2.1919640674524983,0.7340495807604547
CA,GCA,0,0,False,0.6096464947356767,3.103032158598444,0.5170102012138524
CA,GCC,0,0,False,0.22446813335208254,1.1425175776235212,0.5297443873683821
CA,GCG,0,0,False,0.7308449751863232,3.7199188062854427,0.5272893491443105
CA,GCT,0,0,False,0.47662952324418145,2.4259907194338672,0.4922145650540806
CA,TCA,0,0,False,0.5635068957519965,2.868186783996117,0.40490736863744253
CA,TCC,0,0,False,0.2034344320085245,1.0354584011220405,0.5677198901126148
CA,TCG,0,0,False,0.6768056680430198,3.4448648047582915,0.4823352723125105
CA,TCT,0,0,False,0.4391599608084235,2.2352748566990543,0.545207363006083
CG,ACA,0,0,False,0.00847953696930002,0.04315989041677426,0.06707701930262122
CG,ACC,0,0,False,0.012427093069065353,0.06325250741895061,0.06707701930262122
CG,ACG,0,0,False,0.006631393153524815,0.03375304605108698,0.06707701930262122
CG,ACT,0,0,False,0.006878029116275799,0.03500839538958356,0.06707701930262122
CG,CCA,0,0,False,0.0007866668813602497,0.004004046036586439,0.0049528814318000455
CG,CCC,0,0,False,0.004449647674569205,0.02264820670314438,0.05183724252806547
CG,CCG,0,0,False,-0.0009282461253668763,-0.004724668480799943,0.05394768468496946
CG,CCT,0,0,False,-0.0006993898984660982,-0.0035598160000577805,0.06234414007884906
CG,GCA,0,0,False,0.014282198247242604,0.07269478433708876,0.10859990778644756
CG,GCC,0,0,False,0.018444406888014967,0.09387995865472787,0.08172187962691219
CG,GCG,0,0,False,0.012333559655414408,0.06277643285283963,0.06707701930262122
CG,GCT,0,0,False,0.012593606709678766,0.06410004314027506,0.06339293039021794
CG,TCA,0,0,False,0.010839097732630911,0.05516978958294161,0.15535281141364093
CG,TCC,0,0,False,0.01487393890544276,0.07570667779961315,0.08092764439381099
CG,TCG,0,0,False,0.008950089299891799,0.04555494890843803,0.06565273952555034
CG,TCT,0,0,False,0.009202178671658515,0.04683805548608211,0.054364451382769435
CT,ACA,0,0,False,2.1084285070857183,10.731664198986858,0.11325157215663564
CT,ACC,0,0,False,2.635050013270633,13.412108494512324,0.28400262460481085
CT,ACG,0,0,False,7.381923956347828,37.573163508152426,0.33700227372277314
CT,ACT,0,0,False,1.9843070332135562,10.099899843210572,0.2110673279478339
CT,CCA,0,0,False,3.1251072486326437,15.906444759894242,0.17543495990929014
CT,CCC,0,0,False,3.8943598275491746,19.82185395370535,0.1668365071864744
CT,CCG,0,0,False,10.828267728419505,55.11466607835995,0.1680613274822693
CT,CCT,0,0,False,2.943799112231631,14.983606717313807,0.1832755911060781
CT,GCA,0,0,False,2.1816021171692737,11.104109652558213,0.24459690638917225
CT,GCC,0,0,False,2.725686555138524,13.87343830873878,0.183001020349256
CT,GCG,0,0,False,7.629968304169795,38.8356813684148,0.18473843415383445
CT,GCT,0,0,False,2.053364736890434,10.451395795633333,0.1975295668742672
CT,TCA,0,0,False,1.8717548975226859,9.527022118851423,0.1388442046012551
CT,TCC,0,0,False,2.3418940859125343,11.919977763127843,0.15894797187923448
CT,TCG,0,0,False,6.57964631740535,33.489660469490154,0.19889550089505956
CT,TCT,0,0,False,1.760945961118331,8.963017082995549,0.23831716303839462
GA,AGA,0,0,False,2.1361078374010405,10.872548880254735,0.3924206756593519
GA,AGC,0,0,False,2.412889058821948,12.28133419827351,0.19366498179343747
GA,AGG,0,0,False,4.195203187434451,21.3531128528967,0.15845113881553555
GA,AGT,0,0,False,2.211242261867717,11.254974658719954,0.23083985099802207
GA,CGA,0,0,False,6.7897220126089275,34.55892215406566,0.20650455813038246
GA,CGC,0,0,False,7.642974119737742,38.90187950832806,0.2115457703022776
GA,CGG,0,0,False,13.137433888348333,66.86806237552578,0.20790290911346393
GA,CGT,0,0,False,7.021343961760642,35.73785185030978,0.19871702202392302
GA,GGA,0,0,False,2.678728402414155,13.634426587568676,0.17755520108872597
GA,GGC,0,0,False,3.0227272628440938,15.385342135599712,0.20626605157544795
GA,GGG,0,0,False,5.237884873694089,26.660245480712607,0.19716254315947232
GA,GGT,0,0,False,2.7721095800204614,14.109726289317628,0.21280594834471167
GA,TGA,0,0,False,2.057898841733139,10.474473879832718,0.2350934938054737
GA,TGC,0,0,False,2.3249918493689004,11.833947278248447,0.19446092846438395
GA,TGG,0,0,False,4.044919374505781,20.588185130911448,0.14479841635020674
GA,TGT,0,0,False,2.130403324894115,10.843513552550945,0.14087933716184733
GC,AGA,0,0,False,0.0009298372878219187,0.004732767318913811,0.021489647845400413
GC,AGC,0,0,False,0.013430909096087448,0.06836181820817544,0.021489647845400413
GC,AGG,0,0,False,0.0011986147067624287,0.006100814181611014,0.021489647845400413
GC,AGT,0,0,False,0.0008993610523379186,0.004577646704596372,0.021489647845400413
GC,CGA,0,0,False,-4.991244613735689e-05,-0.00025404874269913114,0.01998244501908406
GC,CGC,0,0,False,0.01232764737773298,0.06274634002374202,0.021489647845400413
GC,CGG,0,0,False,0.00021620942191252732,0.0011004816643412907,0.019982765917555857
GC,CGT,0,0,False,-8.008757301409015e-05,-0.0004076367480380094,0.01903688653157949
GC,GGA,0,0,False,0.004793217413473975,0.02439693807082821,0.017722554552381052
GC,GGC,0,0,False,0.01778132558342743,0.09050494931789466,0.06996217649365111
GC,GGG,0,0,False,0.0050724662846413195,0.025818283448792334,0.019326142781590224
GC,GGT,0,0,False,0.0047615538370102736,0.02423577402433319,0.017716832740042234
GC,TGA,0,0,False,-0.0018362508722101884,-0.009346310619227138,0.012754833968986337
GC,TGC,0,0,False,0.01031611450030365,0.05250786369255678,0.018793974254853445
GC,TGG,0,0,False,-0.0015749707636768867,-0.008016424224108198,0.01466530337741665
GC,TGT,0,0,False,-0.0018658769998303362,-0.009497104280035307,0.012759667553722168
GT,AGA,0,0,False,0.33243388584639266,1.6920511268361333,0.48798948338398596
GT,AGC,0,0,False,0.5187890367157636,2.640577905980235,0.48798948338398596
GT,AGG,0,0,False,0.4935359262740016,2.512042411259806,0.48798948338398596
GT,AGT,0,0,False,0.333618896892655,1.6980826999143002,0.48798948338398596
GT,CGA,0,0,False,0.5195695243045175,2.644550500111758,0.5370469542204139
GT,CGC,0,0,False,0.7869005074602262,4.005235167185196,0.48798948338398596
GT,CGG,0,0,False,0.7506743081271682,3.8208478829394066,0.45620092454661815
GT,CGT,0,0,False,0.5212694513876694,2.6532029379619577,0.46054748002884693
GT,GGA,0,0,False,0.22368826467656194,1.1385481336908152,0.45646550555455984
GT,GGC,0,0,False,0.36298788270207916,1.847567537798223,0.5135016495849017
GT,GGG,0,0,False,0.34411129881329006,1.7514878467687685,0.45478300090898727
GT,GGT,0,0,False,0.22457405498249278,1.1430567068210025,0.4978337387975806
GT,TGA,0,0,False,0.30339593037407825,1.5442511961736791,0.5202674746875352
GT,TGC,0,0,False,0.47718601009164685,2.428823174960854,0.4228140491634954
GT,TGG,0,0,False,0.4536356007988728,2.3089542377740377,0.4707492623712483
GT,TGT,0,0,False,0.30450104157296587,1.5498760880062195,0.5636170925771289
TA,ATA,0,0,False,0.13386065550786108,0.6813356960119221,0.5748552964777665
TA,ATC,0,0,False,0.374474746594585,1.9060343843522136,0.5748552964777665
TA,ATG,0,0,False,0.5176806040887484,2.6349361084517193,0.5748552964777665
TA,ATT,0,0,False,0.21733831442657334,1.1062276003959295,0.5748552964777665
TA,CTA,0,0,False,0.19299668179455173,0.982331425313842,0.675687856476616
TA,CTC,0,0,False,0.494917490414203,2.519074417501505,0.44998055987064045
TA,CTG,0,0,False,0.6746111571418286,3.4336949908454875,0.40151970098904854
TA,CTT,0,0,False,0.2977438400702031,1.5154826915932809,0.682342183670454
TA,GTA,0,0,False,0.0681679100327965,0.3469670027512002,0.5539572921802469
TA,GTC,0,0,False,0.24067788855576003,1.2250234102894302,0.6347127264841455
TA,GTG,0,0,False,0.34335034339456055,1.747614669188044,0.5567237468176561
TA,GTT,0,0,False,0.12801780943882887,0.6515962660201065,0.6240668433620986
TA,TTA,0,0,False,0.15975428574089306,0.8131313645013996,0.5796450728225998
TA,TTC,0,0,False,0.427212478034259,2.174463511792352,0.6675843088498572
TA,TTG,0,0,False,0.5863950911481574,2.984685126855228,0.5288505597190382
TA,TTT,0,0,False,0.25254512625419356,1.2854263167769628,0.5702123765854477
TC,ATA,0,0,False,1.5376988202808148,7.826714220081001,0.4248012848893484
TC,ATC,0,0,False,0.7775156416260454,3.957467254568523,0.38182762026779143
TC,ATG,0,0,False,0.6859598780594699,3.4914587051790993,0.37855456460960346
TC,ATT,0,0,False,0.7583723488880879,3.8600300454640877,0.5959398126223454
TC,CTA,0,0,False,1.869365600556611,9.514860865754436,0.4471109374060276
TC,CTC,0,0,False,0.9550639245900732,4.861168065610148,0.39415918728554755
TC,CTG,0,0,False,0.8449462708142427,4.300681580661258,0.6570851228142931
TC,CTT,0,0,False,0.9320395468804721,4.74397657007701,0.7464623535690385
TC,GTA,0,0,False,1.878266421234533,9.560165042912848,0.25784190337963997
TC,GTC,0,0,False,0.9598287232443781,4.8854203553899245,0.33939657391572
TC,GTG,0,0,False,0.8492129307762782,4.322398400468023,0.32180350558680815
TC,GTT,0,0,False,0.9367001902698463,4.7676987212611275,0.6088352678763354
TC,TTA,0,0,False,1.4566989178733432,7.4144338179396,0.34708595433333184
TC,TTC,0,0,False,0.7341546707722818,3.7367647849420633,0.5501574343834199
TC,TTG,0,0,False,0.6471321055386765,3.2938297057193306,0.4598363223631748
TC,TTT,0,0,False,0.7159592194300675,3.644151982042928,0.45003156300514563
TG,ATA,0,0,False,0.06019168715590533,0.30636892451264175,0.4000429093348021
TG,ATC,0,0,False,0.025259523737495196,0.128568137675116,0.4000429093348021
TG,ATG,0,0,False,0.06193394849610565,0.31523683897456023,0.4000429093348021
TG,ATT,0,0,False,0.10485749099466844,0.5337128474223012,0.4000429093348021
TG,CTA,0,0,False,0.05148791328108156,0.2620676934419095,0.37637424845543954
TG,CTC,0,0,False,0.018474893565207925,0.09403513241617067,0.30640853454052697
TG,CTG,0,0,False,0.0531344562473819,0.2704484121355506,0.426073787527366
TG,CTT,0,0,False,0.09369981539239779,0.4769215322781595,0.4942369015586035
TG,GTA,0,0,False,0.0650301821216736,0.3309963202372824,0.3611889458296054
TG,GTC,0,0,False,0.029031151930659395,0.1477653013998731,0.38375670268415596
TG,GTG,0,0,False,0.0668256540435029,0.34013507058097536,0.40147366240794935
TG,GTT,0,0,False,0.11106012883977844,0.5652835771283105,0.5285114104946875
TG,TTA,0,0,False,0.06443339552993306,0.3279587435399963,0.4042099324135414
TG,TTC,0,0,False,0.02856595414691971,0.145397496950052,0.31695377375449735
TG,TTG,0,0,False,0.06622230438579255,0.3370640886153261,0.37970997731686706
TG,TTT,0,0,False,0.11029508699813703,0.5613896001141132,0.43955603340056104
