clade,site,nt,gene,codon,codon_position,codon_site,four_fold_degenerate
root,1,C,pol,CCT,1,1,False
root,2,C,pol,CCT,2,1,False
root,3,T,pol,CCT,3,1,True
root,4,C,pol,CAA,1,2,False
root,5,A,pol,CAA,2,2,False
root,6,A,pol,CAA,3,2,False
root,7,A,pol,ATC,1,3,False
root,8,T,pol,ATC,2,3,False
root,9,C,pol,ATC,3,3,False
root,10,A,pol,ACT,1,4,False
root,11,C,pol,ACT,2,4,False
root,12,T,pol,ACT,3,4,True
root,13,C,pol,CTT,1,5,False
root,14,T,pol,CTT,2,5,False
root,15,T,pol,CTT,3,5,True
root,16,T,pol,TGG,1,6,False
root,17,G,pol,TGG,2,6,False
root,18,G,pol,TGG,3,6,False
root,19,C,pol,CAA,1,7,False
root,20,A,pol,CAA,2,7,False
root,21,A,pol,CAA,3,7,False
root,22,C,pol,CGA,1,8,False
root,23,G,pol,CGA,2,8,False
root,24,A,pol,CGA,3,8,True
root,25,C,pol,CCC,1,9,False
root,26,C,pol,CCC,2,9,False
root,27,C,pol,CCC,3,9,True
root,28,C,pol,CTA,1,10,False
root,29,T,pol,CTA,2,10,False
root,30,A,pol,CTA,3,10,True
root,31,G,pol,GTC,1,11,False
root,32,T,pol,GTC,2,11,False
root,33,C,pol,GTC,3,11,True
root,34,A,pol,ACA,1,12,False
root,35,C,pol,ACA,2,12,False
root,36,A,pol,ACA,3,12,True
root,37,G,pol,GTA,1,13,False
root,38,T,pol,GTA,2,13,False
root,39,A,pol,GTA,3,13,True
root,40,A,pol,AAA,1,14,False
root,41,A,pol,AAA,2,14,False
root,42,A,pol,AAA,3,14,False
root,43,A,pol,ATA,1,15,False
root,44,T,pol,ATA,2,15,False
root,45,A,pol,ATA,3,15,False
root,46,G,pol,GGG,1,16,False
root,47,G,pol,GGG,2,16,False
root,48,G,pol,GGG,3,16,True
root,49,G,pol,GGA,1,17,False
root,50,G,pol,GGA,2,17,False
root,51,A,pol,GGA,3,17,True
root,52,C,pol,CAG,1,18,False
root,53,A,pol,CAG,2,18,False
root,54,G,pol,CAG,3,18,False
root,55,C,pol,CTA,1,19,False
root,56,T,pol,CTA,2,19,False
root,57,A,pol,CTA,3,19,True
root,58,A,pol,AAA,1,20,False
root,59,A,pol,AAA,2,20,False
root,60,A,pol,AAA,3,20,False
root,61,G,pol,GAA,1,21,False
root,62,A,pol,GAA,2,21,False
root,63,A,pol,GAA,3,21,False
root,64,G,pol,GCT,1,22,False
root,65,C,pol,GCT,2,22,False
root,66,T,pol,GCT,3,22,True
root,67,C,pol,CTA,1,23,False
root,68,T,pol,CTA,2,23,False
root,69,A,pol,CTA,3,23,True
root,70,T,pol,TTA,1,24,False
root,71,T,pol,TTA,2,24,False
root,72,A,pol,TTA,3,24,False
root,73,G,pol,GAT,1,25,False
root,74,A,pol,GAT,2,25,False
root,75,T,pol,GAT,3,25,False
root,76,A,pol,ACA,1,26,False
root,77,C,pol,ACA,2,26,False
root,78,A,pol,ACA,3,26,True
root,79,G,pol,GGA,1,27,False
root,80,G,pol,GGA,2,27,False
root,81,A,pol,GGA,3,27,True
root,82,G,pol,GCA,1,28,False
root,83,C,pol,GCA,2,28,False
root,84,A,pol,GCA,3,28,True
root,85,G,pol,GAT,1,29,False
root,86,A,pol,GAT,2,29,False
root,87,T,pol,GAT,3,29,False
root,88,G,pol,GAT,1,30,False
root,89,A,pol,GAT,2,30,False
root,90,T,pol,GAT,3,30,False
root,91,A,pol,ACA,1,31,False
root,92,C,pol,ACA,2,31,False
root,93,A,pol,ACA,3,31,True
root,94,G,pol,GTA,1,32,False
root,95,T,pol,GTA,2,32,False
root,96,A,pol,GTA,3,32,True
root,97,T,pol,TTA,1,33,False
root,98,T,pol,TTA,2,33,False
root,99,A,pol,TTA,3,33,False
root,100,G,pol,GAA,1,34,False
root,101,A,pol,GAA,2,34,False
root,102,A,pol,GAA,3,34,False
root,103,G,pol,GAC,1,35,False
root,104,A,pol,GAC,2,35,False
root,105,C,pol,GAC,3,35,False
root,106,A,pol,ATA,1,36,False
root,107,T,pol,ATA,2,36,False
root,108,A,pol,ATA,3,36,False
root,109,A,pol,AAT,1,37,False
root,110,A,pol,AAT,2,37,False
root,111,T,pol,AAT,3,37,False
root,112,T,pol,TTG,1,38,False
root,113,T,pol,TTG,2,38,False
root,114,G,pol,TTG,3,38,False
root,115,C,pol,CCA,1,39,False
root,116,C,pol,CCA,2,39,False
root,117,A,pol,CCA,3,39,True
root,118,G,pol,GGA,1,40,False
root,119,G,pol,GGA,2,40,False
root,120,A,pol,GGA,3,40,True
root,121,A,pol,AAA,1,41,False
root,122,A,pol,AAA,2,41,False
root,123,A,pol,AAA,3,41,False
root,124,T,pol,TGG,1,42,False
root,125,G,pol,TGG,2,42,False
root,126,G,pol,TGG,3,42,False
root,127,A,pol,AAA,1,43,False
root,128,A,pol,AAA,2,43,False
root,129,A,pol,AAA,3,43,False
root,130,C,pol,CCA,1,44,False
root,131,C,pol,CCA,2,44,False
root,132,A,pol,CCA,3,44,True
root,133,A,pol,AAA,1,45,False
root,134,A,pol,AAA,2,45,False
root,135,A,pol,AAA,3,45,False
root,136,A,pol,ATG,1,46,False
root,137,T,pol,ATG,2,46,False
root,138,G,pol,ATG,3,46,False
root,139,A,pol,ATA,1,47,False
root,140,T,pol,ATA,2,47,False
root,141,A,pol,ATA,3,47,False
root,142,G,pol,GGG,1,48,False
root,143,G,pol,GGG,2,48,False
root,144,G,pol,GGG,3,48,True
root,145,G,pol,GGA,1,49,False
root,146,G,pol,GGA,2,49,False
root,147,A,pol,GGA,3,49,True
root,148,A,pol,ATT,1,50,False
root,149,T,pol,ATT,2,50,False
root,150,T,pol,ATT,3,50,False
root,151,G,pol,GGA,1,51,False
root,152,G,pol,GGA,2,51,False
root,153,A,pol,GGA,3,51,True
root,154,G,pol,GGT,1,52,False
root,155,G,pol,GGT,2,52,False
root,156,T,pol,GGT,3,52,True
root,157,T,pol,TTT,1,53,False
root,158,T,pol,TTT,2,53,False
root,159,T,pol,TTT,3,53,False
root,160,A,pol,ATC,1,54,False
root,161,T,pol,ATC,2,54,False
root,162,C,pol,ATC,3,54,False
root,163,A,pol,AAA,1,55,False
root,164,A,pol,AAA,2,55,False
root,165,A,pol,AAA,3,55,False
root,166,G,pol,GTA,1,56,False
root,167,T,pol,GTA,2,56,False
root,168,A,pol,GTA,3,56,True
root,169,A,pol,AGA,1,57,False
root,170,G,pol,AGA,2,57,False
root,171,A,pol,AGA,3,57,False
root,172,C,pol,CAG,1,58,False
root,173,A,pol,CAG,2,58,False
root,174,G,pol,CAG,3,58,False
root,175,T,pol,TAT,1,59,False
root,176,A,pol,TAT,2,59,False
root,177,T,pol,TAT,3,59,False
root,178,G,pol,GAT,1,60,False
root,179,A,pol,GAT,2,60,False
root,180,T,pol,GAT,3,60,False
root,181,C,pol,CAG,1,61,False
root,182,A,pol,CAG,2,61,False
root,183,G,pol,CAG,3,61,False
root,184,A,pol,ATA,1,62,False
root,185,T,pol,ATA,2,62,False
root,186,A,pol,ATA,3,62,False
root,187,C,pol,CTT,1,63,False
root,188,T,pol,CTT,2,63,False
root,189,T,pol,CTT,3,63,True
root,190,A,pol,ATA,1,64,False
root,191,T,pol,ATA,2,64,False
root,192,A,pol,ATA,3,64,False
root,193,G,pol,GAA,1,65,False
root,194,A,pol,GAA,2,65,False
root,195,A,pol,GAA,3,65,False
root,196,A,pol,ATT,1,66,False
root,197,T,pol,ATT,2,66,False
root,198,T,pol,ATT,3,66,False
root,199,T,pol,TGT,1,67,False
root,200,G,pol,TGT,2,67,False
