clade,nt_site,nt_mutation,exclude,masked_in_usher,expected_count,actual_count,clade_founder_nt,gene,clade_founder_codon,clade_founder_aa,mutant_codon,mutant_aa,aa_mutation,synonymous,noncoding,codon_position,codon_site,four_fold_degenerate,count_terminal,count_non_terminal,mean_log_size,wt_nt,mut_nt,mut_type,mut_class,nt_site_before_boundary,ss_prediction,unpaired,motif,ref_motif
root,1,C1A,False,False,0,0,C,pol,CCT,P,ACT,T,P1T,False,False,1,1,False,0,0,,C,A,CA,nonsynonymous,False,unpaired,1,ACC,ACC
root,1,C1G,False,False,0,0,C,pol,CCT,P,GCT,A,P1A,False,False,1,1,False,0,0,,C,G,CG,nonsynonymous,False,unpaired,1,ACC,ACC
root,1,C1T,False,False,0,0,C,pol,CCT,P,TCT,S,P1S,False,False,1,1,False,0,0,,C,T,CT,nonsynonymous,False,unpaired,1,ACC,ACC
root,2,C2A,False,False,0,2,C,pol,CCT,P,CAT,H,P1H,False,False,2,1,False,1,1,,C,A,CA,nonsynonymous,False,unpaired,1,CCT,CCT
root,2,C2G,False,False,0,0,C,pol,CCT,P,CGT,R,P1R,False,False,2,1,False,0,0,,C,G,CG,nonsynonymous,False,unpaired,1,CCT,CCT
root,2,C2T,False,False,0,2,C,pol,CCT,P,CTT,L,P1L,False,False,2,1,False,1,1,,C,T,CT,nonsynonymous,False,unpaired,1,CCT,CCT
root,3,T3A,False,False,0,0,T,pol,CCT,P,CCA,P,P1P,True,False,3,1,True,0,0,,T,A,TA,synonymous,False,unpaired,1,CTC,CTC
root,3,T3C,False,False,0,6,T,pol,CCT,P,CCC,P,P1P,True,False,3,1,True,6,0,,T,C,TC,synonymous,False,unpaired,1,CTC,CTC
root,3,T3G,False,False,0,0,T,pol,CCT,P,CCG,P,P1P,True,False,3,1,True,0,0,,T,G,TG,synonymous,False,unpaired,1,CTC,CTC
root,4,C4A,False,False,0,0,C,pol,CAA,Q,AAA,K,Q2K,False,False,1,2,False,0,0,,C,A,CA,nonsynonymous,False,unpaired,1,TCA,TCA
root,4,C4G,False,False,0,0,C,pol,CAA,Q,GAA,E,Q2E,False,False,1,2,False,0,0,,C,G,CG,nonsynonymous,False,unpaired,1,TCA,TCA
root,4,C4T,False,False,0,0,C,pol,CAA,Q,TAA,*,Q2*,False,False,1,2,False,0,0,,C,T,CT,nonsense,False,unpaired,1,TCA,TCA
root,5,A5C,False,False,0,0,A,pol,CAA,Q,CCA,P,Q2P,False,False,2,2,False,0,0,,A,C,AC,nonsynonymous,False,unpaired,1,CAA,CAA
root,5,A5G,False,False,0,0,A,pol,CAA,Q,CGA,R,Q2R,False,False,2,2,False,0,0,,A,G,AG,nonsynonymous,False,unpaired,1,CAA,CAA
root,5,A5T,False,False,0,0,A,pol,CAA,Q,CTA,L,Q2L,False,False,2,2,False,0,0,,A,T,AT,nonsynonymous,False,unpaired,1,CAA,CAA
root,6,A6C,False,False,0,3,A,pol,CAA,Q,CAC,H,Q2H,False,False,3,2,False,3,0,,A,C,AC,nonsynonymous,False,unpaired,1,AAA,AAA
root,6,A6G,False,False,0,890,A,pol,CAA,Q,CAG,Q,Q2Q,True,False,3,2,False,532,358,,A,G,AG,synonymous,False,unpaired,1,AAA,AAA
root,6,A6T,False,False,0,1,A,pol,CAA,Q,CAT,H,Q2H,False,False,3,2,False,1,0,,A,T,AT,nonsynonymous,False,unpaired,1,AAA,AAA
root,7,A7C,False,False,0,4,A,pol,ATC,I,CTC,L,I3L,False,False,1,3,False,4,0,,A,C,AC,nonsynonymous,False,unpaired,1,AAT,AAT
root,7,A7G,False,False,0,12,A,pol,ATC,I,GTC,V,I3V,False,False,1,3,False,9,3,,A,G,AG,nonsynonymous,False,unpaired,1,AAT,AAT
root,7,A7T,False,False,0,0,A,pol,ATC,I,TTC,F,I3F,False,False,1,3,False,0,0,,A,T,AT,nonsynonymous,False,unpaired,1,AAT,AAT
root,8,T8A,False,False,0,1,T,pol,ATC,I,AAC,N,I3N,False,False,2,3,False,1,0,,T,A,TA,nonsynonymous,False,unpaired,1,ATC,ATC
root,8,T8C,False,False,0,8,T,pol,ATC,I,ACC,T,I3T,False,False,2,3,False,8,0,,T,C,TC,nonsynonymous,False,unpaired,1,ATC,ATC
root,8,T8G,False,False,0,1,T,pol,ATC,I,AGC,S,I3S,False,False,2,3,False,1,0,,T,G,TG,nonsynonymous,False,unpaired,1,ATC,ATC
root,9,C9A,False,False,0,0,C,pol,ATC,I,ATA,I,I3I,True,False,3,3,False,0,0,,C,A,CA,synonymous,False,unpaired,1,TCA,TCA
root,9,C9G,False,False,0,0,C,pol,ATC,I,ATG,M,I3M,False,False,3,3,False,0,0,,C,G,CG,nonsynonymous,False,unpaired,1,TCA,TCA
root,9,C9T,False,False,0,20,C,pol,ATC,I,ATT,I,I3I,True,False,3,3,False,17,3,,C,T,CT,synonymous,False,unpaired,1,TCA,TCA
root,10,A10C,False,False,0,7,A,pol,ACT,T,CCT,P,T4P,False,False,1,4,False,5,2,,A,C,AC,nonsynonymous,False,unpaired,1,CAC,CAC
root,10,A10G,False,False,0,16,A,pol,ACT,T,GCT,A,T4A,False,False,1,4,False,14,2,,A,G,AG,nonsynonymous,False,unpaired,1,CAC,CAC
root,10,A10T,False,False,0,17,A,pol,ACT,T,TCT,S,T4S,False,False,1,4,False,14,3,,A,T,AT,nonsynonymous,False,unpaired,1,CAC,CAC
root,11,C11A,False,False,0,3,C,pol,ACT,T,AAT,N,T4N,False,False,2,4,False,3,0,,C,A,CA,nonsynonymous,False,unpaired,1,ACT,ACT
root,11,C11G,False,False,0,1,C,pol,ACT,T,AGT,S,T4S,False,False,2,4,False,1,0,,C,G,CG,nonsynonymous,False,unpaired,1,ACT,ACT
root,11,C11T,False,False,0,2,C,pol,ACT,T,ATT,I,T4I,False,False,2,4,False,2,0,,C,T,CT,nonsynonymous,False,unpaired,1,ACT,ACT
root,12,T12A,False,False,0,1,T,pol,ACT,T,ACA,T,T4T,True,False,3,4,True,1,0,,T,A,TA,synonymous,False,unpaired,1,CTC,CTC
root,12,T12C,False,False,0,4,T,pol,ACT,T,ACC,T,T4T,True,False,3,4,True,3,1,,T,C,TC,synonymous,False,unpaired,1,CTC,CTC
root,12,T12G,False,False,0,1,T,pol,ACT,T,ACG,T,T4T,True,False,3,4,True,1,0,,T,G,TG,synonymous,False,unpaired,1,CTC,CTC
root,13,C13A,False,False,0,0,C,pol,CTT,L,ATT,I,L5I,False,False,1,5,False,0,0,,C,A,CA,nonsynonymous,False,unpaired,1,TCT,TCT
root,13,C13G,False,False,0,2,C,pol,CTT,L,GTT,V,L5V,False,False,1,5,False,2,0,,C,G,CG,nonsynonymous,False,unpaired,1,TCT,TCT
root,13,C13T,False,False,0,6,C,pol,CTT,L,TTT,F,L5F,False,False,1,5,False,6,0,,C,T,CT,nonsynonymous,False,unpaired,1,TCT,TCT
root,14,T14A,False,False,0,1,T,pol,CTT,L,CAT,H,L5H,False,False,2,5,False,1,0,,T,A,TA,nonsynonymous,False,unpaired,1,CTT,CTT
root,14,T14C,False,False,0,3,T,pol,CTT,L,CCT,P,L5P,False,False,2,5,False,3,0,,T,C,TC,nonsynonymous,False,unpaired,1,CTT,CTT
root,14,T14G,False,False,0,2,T,pol,CTT,L,CGT,R,L5R,False,False,2,5,False,1,1,,T,G,TG,nonsynonymous,False,unpaired,1,CTT,CTT
root,15,T15A,False,False,0,1,T,pol,CTT,L,CTA,L,L5L,True,False,3,5,True,1,0,,T,A,TA,synonymous,False,unpaired,1,TTT,TTT
root,15,T15C,False,False,0,0,T,pol,CTT,L,CTC,L,L5L,True,False,3,5,True,0,0,,T,C,TC,synonymous,False,unpaired,1,TTT,TTT
root,15,T15G,False,False,0,3,T,pol,CTT,L,CTG,L,L5L,True,False,3,5,True,3,0,,T,G,TG,synonymous,False,unpaired,1,TTT,TTT
root,16,T16A,False,False,0,0,T,pol,TGG,W,AGG,R,W6R,False,False,1,6,False,0,0,,T,A,TA,nonsynonymous,False,unpaired,1,TTG,TTG
root,16,T16C,False,False,0,5,T,pol,TGG,W,CGG,R,W6R,False,False,1,6,False,5,0,,T,C,TC,nonsynonymous,False,unpaired,1,TTG,TTG
root,16,T16G,False,False,0,2,T,pol,TGG,W,GGG,G,W6G,False,False,1,6,False,2,0,,T,G,TG,nonsynonymous,False,unpaired,1,TTG,TTG
root,17,G17A,False,False,0,0,G,pol,TGG,W,TAG,*,W6*,False,False,2,6,False,0,0,,G,A,GA,nonsense,False,unpaired,1,TGG,TGG
root,17,G17C,False,False,0,0,G,pol,TGG,W,TCG,S,W6S,False,False,2,6,False,0,0,,G,C,GC,nonsynonymous,False,unpaired,1,TGG,TGG
root,17,G17T,False,False,0,0,G,pol,TGG,W,TTG,L,W6L,False,False,2,6,False,0,0,,G,T,GT,nonsynonymous,False,unpaired,1,TGG,TGG
root,18,G18A,False,False,0,1,G,pol,TGG,W,TGA,*,W6*,False,False,3,6,False,0,1,,G,A,GA,nonsense,False,unpaired,1,GGC,GGC
root,18,G18C,False,False,0,1,G,pol,TGG,W,TGC,C,W6C,False,False,3,6,False,1,0,,G,C,GC,nonsynonymous,False,unpaired,1,GGC,GGC
root,18,G18T,False,False,0,0,G,pol,TGG,W,TGT,C,W6C,False,False,3,6,False,0,0,,G,T,GT,nonsynonymous,False,unpaired,1,GGC,GGC
root,19,C19A,False,False,0,0,C,pol,CAA,Q,AAA,K,Q7K,False,False,1,7,False,0,0,,C,A,CA,nonsynonymous,False,unpaired,1,GCA,GCA
root,19,C19G,False,False,0,4,C,pol,CAA,Q,GAA,E,Q7E,False,False,1,7,False,3,1,,C,G,CG,nonsynonymous,False,unpaired,1,GCA,GCA
root,19,C19T,False,False,0,0,C,pol,CAA,Q,TAA,*,Q7*,False,False,1,7,False,0,0,,C,T,CT,nonsense,False,unpaired,1,GCA,GCA
root,20,A20C,False,False,0,1,A,pol,CAA,Q,CCA,P,Q7P,False,False,2,7,False,1,0,,A,C,AC,nonsynonymous,False,unpaired,1,CAA,CAA
root,20,A20G,False,False,0,9,A,pol,CAA,Q,CGA,R,Q7R,False,False,2,7,False,9,0,,A,G,AG,nonsynonymous,False,unpaired,1,CAA,CAA
root,20,A20T,False,False,0,0,A,pol,CAA,Q,CTA,L,Q7L,False,False,2,7,False,0,0,,A,T,AT,nonsynonymous,False,unpaired,1,CAA,CAA
root,21,A21C,False,False,0,0,A,pol,CAA,Q,CAC,H,Q7H,False,False,3,7,False,0,0,,A,C,AC,nonsynonymous,False,unpaired,1,AAC,AAC
root,21,A21G,False,False,0,750,A,pol,CAA,Q,CAG,Q,Q7Q,True,False,3,7,False,474,276,,A,G,AG,synonymous,False,unpaired,1,AAC,AAC
root,21,A21T,False,False,0,0,A,pol,CAA,Q,CAT,H,Q7H,False,False,3,7,False,0,0,,A,T,AT,nonsynonymous,False,unpaired,1,AAC,AAC
root,22,C22A,False,False,0,8,C,pol,CGA,R,AGA,R,R8R,True,False,1,8,False,8,0,,C,A,CA,synonymous,False,unpaired,1,ACG,ACG
root,22,C22G,False,False,0,4,C,pol,CGA,R,GGA,G,R8G,False,False,1,8,False,3,1,,C,G,CG,nonsynonymous,False,unpaired,1,ACG,ACG
root,22,C22T,False,False,0,1,C,pol,CGA,R,TGA,*,R8*,False,False,1,8,False,1,0,,C,T,CT,nonsense,False,unpaired,1,ACG,ACG
root,23,G23A,False,False,0,11,G,pol,CGA,R,CAA,Q,R8Q,False,False,2,8,False,9,2,,G,A,GA,nonsynonymous,False,unpaired,1,CGA,CGA
root,23,G23C,False,False,0,4,G,pol,CGA,R,CCA,P,R8P,False,False,2,8,False,4,0,,G,C,GC,nonsynonymous,False,unpaired,1,CGA,CGA
root,23,G23T,False,False,0,2,G,pol,CGA,R,CTA,L,R8L,False,False,2,8,False,2,0,,G,T,GT,nonsynonymous,False,unpaired,1,CGA,CGA
root,24,A24C,False,False,0,2,A,pol,CGA,R,CGC,R,R8R,True,False,3,8,True,2,0,,A,C,AC,synonymous,False,unpaired,1,GAC,GAC
root,24,A24G,False,False,0,19,A,pol,CGA,R,CGG,R,R8R,True,False,3,8,True,16,3,,A,G,AG,synonymous,False,unpaired,1,GAC,GAC
root,24,A24T,False,False,0,1,A,pol,CGA,R,CGT,R,R8R,True,False,3,8,True,1,0,,A,T,AT,synonymous,False,unpaired,1,GAC,GAC
root,25,C25A,False,False,0,0,C,pol,CCC,P,ACC,T,P9T,False,False,1,9,False,0,0,,C,A,CA,nonsynonymous,False,unpaired,1,ACC,ACC
root,25,C25G,False,False,0,0,C,pol,CCC,P,GCC,A,P9A,False,False,1,9,False,0,0,,C,G,CG,nonsynonymous,False,unpaired,1,ACC,ACC
root,25,C25T,False,False,0,1,C,pol,CCC,P,TCC,S,P9S,False,False,1,9,False,1,0,,C,T,CT,nonsynonymous,False,unpaired,1,ACC,ACC
root,26,C26A,False,False,0,0,C,pol,CCC,P,CAC,H,P9H,False,False,2,9,False,0,0,,C,A,CA,nonsynonymous,False,unpaired,1,CCC,CCC
root,26,C26G,False,False,0,0,C,pol,CCC,P,CGC,R,P9R,False,False,2,9,False,0,0,,C,G,CG,nonsynonymous,False,unpaired,1,CCC,CCC
root,26,C26T,False,False,0,3,C,pol,CCC,P,CTC,L,P9L,False,False,2,9,False,3,0,,C,T,CT,nonsynonymous,False,unpaired,1,CCC,CCC
root,27,C27A,False,False,0,86,C,pol,CCC,P,CCA,P,P9P,True,False,3,9,True,55,31,,C,A,CA,synonymous,False,unpaired,1,CCC,CCC
root,27,C27G,False,False,0,1,C,pol,CCC,P,CCG,P,P9P,True,False,3,9,True,1,0,,C,G,CG,synonymous,False,unpaired,1,CCC,CCC
root,27,C27T,False,False,0,177,C,pol,CCC,P,CCT,P,P9P,True,False,3,9,True,120,57,,C,T,CT,synonymous,False,unpaired,1,CCC,CCC
root,28,C28A,False,False,0,516,C,pol,CTC,L,ATC,I,L10I,False,False,1,10,False,261,255,,C,A,CA,nonsynonymous,False,unpaired,1,CCT,CCT
root,28,C28G,False,False,0,99,C,pol,CTC,L,GTC,V,L10V,False,False,1,10,False,62,37,,C,G,CG,nonsynonymous,False,unpaired,1,CCT,CCT
root,28,C28T,False,False,0,31,C,pol,CTC,L,TTC,F,L10F,False,False,1,10,False,19,12,,C,T,CT,nonsynonymous,False,unpaired,1,CCT,CCT
root,28,C28A,False,False,0,445,C,pol,CTT,L,ATT,I,L10I,False,False,1,10,False,286,159,,C,A,CA,nonsynonymous,False,unpaired,1,CCT,CCT
root,28,C28G,False,False,0,245,C,pol,CTT,L,GTT,V,L10V,False,False,1,10,False,161,84,,C,G,CG,nonsynonymous,False,unpaired,1,CCT,CCT
root,28,C28T,False,False,0,27,C,pol,CTT,L,TTT,F,L10F,False,False,1,10,False,16,11,,C,T,CT,nonsynonymous,False,unpaired,1,CCT,CCT
root,29,T29A,False,False,0,3,T,pol,CTC,L,CAC,H,L10H,False,False,2,10,False,3,0,,T,A,TA,nonsynonymous,False,unpaired,1,CTC,CTC
root,29,T29C,False,False,0,3,T,pol,CTC,L,CCC,P,L10P,False,False,2,10,False,3,0,,T,C,TC,nonsynonymous,False,unpaired,1,CTC,CTC
root,29,T29G,False,False,0,3,T,pol,CTC,L,CGC,R,L10R,False,False,2,10,False,3,0,,T,G,TG,nonsynonymous,False,unpaired,1,CTC,CTC
root,29,T29A,False,False,0,0,T,pol,CTT,L,CAT,H,L10H,False,False,2,10,False,0,0,,T,A,TA,nonsynonymous,False,unpaired,1,CTT,CTT
root,29,T29C,False,False,0,2,T,pol,CTT,L,CCT,P,L10P,False,False,2,10,False,2,0,,T,C,TC,nonsynonymous,False,unpaired,1,CTT,CTT
root,29,T29G,False,False,0,0,T,pol,CTT,L,CGT,R,L10R,False,False,2,10,False,0,0,,T,G,TG,nonsynonymous,False,unpaired,1,CTT,CTT
root,30,C30A,False,False,0,491,C,pol,CTC,L,CTA,L,L10L,True,False,3,10,True,275,216,,C,A,CA,synonymous,False,unpaired,1,TCG,TCG
root,30,C30G,False,False,0,25,C,pol,CTC,L,CTG,L,L10L,True,False,3,10,True,22,3,,C,G,CG,synonymous,False,unpaired,1,TCG,TCG
root,30,C30T,False,False,0,1436,C,pol,CTC,L,CTT,L,L10L,True,False,3,10,True,831,605,,C,T,CT,synonymous,False,unpaired,1,TCG,TCG
root,30,T30A,False,False,0,170,T,pol,CTT,L,CTA,L,L10L,True,False,3,10,True,107,63,,T,A,TA,synonymous,False,unpaired,1,TTG,TTG
root,30,T30C,False,False,0,417,T,pol,CTT,L,CTC,L,L10L,True,False,3,10,True,262,155,,T,C,TC,synonymous,False,unpaired,1,TTG,TTG
root,30,T30G,False,False,0,92,T,pol,CTT,L,CTG,L,L10L,True,False,3,10,True,61,31,,T,G,TG,synonymous,False,unpaired,1,TTG,TTG
root,31,G31A,False,False,0,34,G,pol,GTC,V,ATC,I,V11I,False,False,1,11,False,23,11,,G,A,GA,nonsynonymous,False,unpaired,1,CGT,CGT
root,31,G31C,False,False,0,9,G,pol,GTC,V,CTC,L,V11L,False,False,1,11,False,3,6,,G,C,GC,nonsynonymous,False,unpaired,1,CGT,CGT
root,31,G31T,False,False,0,0,G,pol,GTC,V,TTC,F,V11F,False,False,1,11,False,0,0,,G,T,GT,nonsynonymous,False,unpaired,1,CGT,CGT
root,31,G31A,False,False,0,43,G,pol,GTC,V,ATC,I,V11I,False,False,1,11,False,39,4,,G,A,GA,nonsynonymous,False,unpaired,1,TGT,TGT
root,31,G31C,False,False,0,0,G,pol,GTC,V,CTC,L,V11L,False,False,1,11,False,0,0,,G,C,GC,nonsynonymous,False,unpaired,1,TGT,TGT
root,31,G31T,False,False,0,0,G,pol,GTC,V,TTC,F,V11F,False,False,1,11,False,0,0,,G,T,GT,nonsynonymous,False,unpaired,1,TGT,TGT
root,32,T32A,False,False,0,1,T,pol,GTC,V,GAC,D,V11D,False,False,2,11,False,1,0,,T,A,TA,nonsynonymous,False,unpaired,1,GTC,GTC
root,32,T32C,False,False,0,12,T,pol,GTC,V,GCC,A,V11A,False,False,2,11,False,9,3,,T,C,TC,nonsynonymous,False,unpaired,1,GTC,GTC
root,32,T32G,False,False,0,6,T,pol,GTC,V,GGC,G,V11G,False,False,2,11,False,6,0,,T,G,TG,nonsynonymous,False,unpaired,1,GTC,GTC
root,33,C33A,False,False,0,18,C,pol,GTC,V,GTA,V,V11V,True,False,3,11,True,15,3,,C,A,CA,synonymous,False,unpaired,1,TCA,TCA
root,33,C33G,False,False,0,5,C,pol,GTC,V,GTG,V,V11V,True,False,3,11,True,1,4,,C,G,CG,synonymous,False,unpaired,1,TCA,TCA
root,33,C33T,False,False,0,549,C,pol,GTC,V,GTT,V,V11V,True,False,3,11,True,363,186,,C,T,CT,synonymous,False,unpaired,1,TCA,TCA
root,34,A34C,False,False,0,247,A,pol,ACA,T,CCA,P,T12P,False,False,1,12,False,169,78,,A,C,AC,nonsynonymous,False,unpaired,1,CAC,CAC
root,34,A34G,False,False,0,264,A,pol,ACA,T,GCA,A,T12A,False,False,1,12,False,194,70,,A,G,AG,nonsynonymous,False,unpaired,1,CAC,CAC
root,34,A34T,False,False,0,265,A,pol,ACA,T,TCA,S,T12S,False,False,1,12,False,154,111,,A,T,AT,nonsynonymous,False,unpaired,1,CAC,CAC
root,35,C35A,False,False,0,95,C,pol,ACA,T,AAA,K,T12K,False,False,2,12,False,66,29,,C,A,CA,nonsynonymous,False,unpaired,1,ACA,ACA
root,35,C35G,False,False,0,18,C,pol,ACA,T,AGA,R,T12R,False,False,2,12,False,10,8,,C,G,CG,nonsynonymous,False,unpaired,1,ACA,ACA
root,35,C35T,False,False,0,98,C,pol,ACA,T,ATA,I,T12I,False,False,2,12,False,77,21,,C,T,CT,nonsynonymous,False,unpaired,1,ACA,ACA
root,36,A36C,False,False,0,142,A,pol,ACA,T,ACC,T,T12T,True,False,3,12,True,85,57,,A,C,AC,synonymous,False,unpaired,1,CAA,CAA
root,36,A36G,False,False,0,11,A,pol,ACA,T,ACG,T,T12T,True,False,3,12,True,11,0,,A,G,AG,synonymous,False,unpaired,1,CAA,CAA
root,36,A36T,False,False,0,4,A,pol,ACA,T,ACT,T,T12T,True,False,3,12,True,4,0,,A,T,AT,synonymous,False,unpaired,1,CAA,CAA
root,37,A37C,False,False,0,1,A,pol,ATA,I,CTA,L,I13L,False,False,1,13,False,1,0,,A,C,AC,nonsynonymous,False,unpaired,1,AAT,AAT
root,37,A37G,False,False,0,909,A,pol,ATA,I,GTA,V,I13V,False,False,1,13,False,565,344,,A,G,AG,nonsynonymous,False,unpaired,1,AAT,AAT
root,37,A37T,False,False,0,2,A,pol,ATA,I,TTA,L,I13L,False,False,1,13,False,1,1,,A,T,AT,nonsynonymous,False,unpaired,1,AAT,AAT
root,37,G37A,False,False,0,1251,G,pol,GTA,V,ATA,I,V13I,False,False,1,13,False,770,481,,G,A,GA,nonsynonymous,False,unpaired,1,AGT,AGT
root,37,G37C,False,False,0,3,G,pol,GTA,V,CTA,L,V13L,False,False,1,13,False,3,0,,G,C,GC,nonsynonymous,False,unpaired,1,AGT,AGT
root,37,G37T,False,False,0,0,G,pol,GTA,V,TTA,L,V13L,False,False,1,13,False,0,0,,G,T,GT,nonsynonymous,False,unpaired,1,AGT,AGT
root,38,T38A,False,False,0,0,T,pol,ATA,I,AAA,K,I13K,False,False,2,13,False,0,0,,T,A,TA,nonsynonymous,False,unpaired,1,ATA,ATA
root,38,T38C,False,False,0,0,T,pol,ATA,I,ACA,T,I13T,False,False,2,13,False,0,0,,T,C,TC,nonsynonymous,False,unpaired,1,ATA,ATA
root,38,T38G,False,False,0,0,T,pol,ATA,I,AGA,R,I13R,False,False,2,13,False,0,0,,T,G,TG,nonsynonymous,False,unpaired,1,ATA,ATA
root,38,T38A,False,False,0,0,T,pol,GTA,V,GAA,E,V13E,False,False,2,13,False,0,0,,T,A,TA,nonsynonymous,False,unpaired,1,GTA,GTA
root,38,T38C,False,False,0,65,T,pol,GTA,V,GCA,A,V13A,False,False,2,13,False,55,10,,T,C,TC,nonsynonymous,False,unpaired,1,GTA,GTA
root,38,T38G,False,False,0,0,T,pol,GTA,V,GGA,G,V13G,False,False,2,13,False,0,0,,T,G,TG,nonsynonymous,False,unpaired,1,GTA,GTA
root,39,A39C,False,False,0,3,A,pol,ATA,I,ATC,I,I13I,True,False,3,13,False,3,0,,A,C,AC,synonymous,False,unpaired,1,TAA,TAA
root,39,A39G,False,False,0,13,A,pol,ATA,I,ATG,M,I13M,False,False,3,13,False,9,4,,A,G,AG,nonsynonymous,False,unpaired,1,TAA,TAA
root,39,A39T,False,False,0,4,A,pol,ATA,I,ATT,I,I13I,True,False,3,13,False,3,1,,A,T,AT,synonymous,False,unpaired,1,TAA,TAA
root,39,A39C,False,False,0,6,A,pol,GTA,V,GTC,V,V13V,True,False,3,13,True,6,0,,A,C,AC,synonymous,False,unpaired,1,TAA,TAA
root,39,A39G,False,False,0,104,A,pol,GTA,V,GTG,V,V13V,True,False,3,13,True,91,13,,A,G,AG,synonymous,False,unpaired,1,TAA,TAA
root,39,A39T,False,False,0,3,A,pol,GTA,V,GTT,V,V13V,True,False,3,13,True,0,3,,A,T,AT,synonymous,False,unpaired,1,TAA,TAA
root,40,A40C,False,False,0,2,A,pol,AAA,K,CAA,Q,K14Q,False,False,1,14,False,2,0,,A,C,AC,nonsynonymous,False,unpaired,1,AAA,AAA
root,40,A40G,False,False,0,20,A,pol,AAA,K,GAA,E,K14E,False,False,1,14,False,11,9,,A,G,AG,nonsynonymous,False,unpaired,1,AAA,AAA
root,40,A40T,False,False,0,0,A,pol,AAA,K,TAA,*,K14*,False,False,1,14,False,0,0,,A,T,AT,nonsense,False,unpaired,1,AAA,AAA
root,40,A40C,False,False,0,4,A,pol,AAG,K,CAG,Q,K14Q,False,False,1,14,False,2,2,,A,C,AC,nonsynonymous,False,unpaired,1,AAA,AAA
root,40,A40G,False,False,0,23,A,pol,AAG,K,GAG,E,K14E,False,False,1,14,False,14,9,,A,G,AG,nonsynonymous,False,unpaired,1,AAA,AAA
root,40,A40T,False,False,0,0,A,pol,AAG,K,TAG,*,K14*,False,False,1,14,False,0,0,,A,T,AT,nonsense,False,unpaired,1,AAA,AAA
root,41,A41C,False,False,0,31,A,pol,AAA,K,ACA,T,K14T,False,False,2,14,False,20,11,,A,C,AC,nonsynonymous,False,unpaired,1,AAA,AAA
root,41,A41G,False,False,0,831,A,pol,AAA,K,AGA,R,K14R,False,False,2,14,False,576,255,,A,G,AG,nonsynonymous,False,unpaired,1,AAA,AAA
root,41,A41T,False,False,0,19,A,pol,AAA,K,ATA,I,K14I,False,False,2,14,False,15,4,,A,T,AT,nonsynonymous,False,unpaired,1,AAA,AAA
root,41,A41C,False,False,0,9,A,pol,AAG,K,ACG,T,K14T,False,False,2,14,False,7,2,,A,C,AC,nonsynonymous,False,unpaired,1,AAG,AAG
root,41,A41G,False,False,0,760,A,pol,AAG,K,AGG,R,K14R,False,False,2,14,False,500,260,,A,G,AG,nonsynonymous,False,unpaired,1,AAG,AAG
root,41,A41T,False,False,0,9,A,pol,AAG,K,ATG,M,K14M,False,False,2,14,False,7,2,,A,T,AT,nonsynonymous,False,unpaired,1,AAG,AAG
root,42,G42A,False,False,0,902,G,pol,AAG,K,AAA,K,K14K,True,False,3,14,False,555,347,,G,A,GA,synonymous,False,unpaired,1,AGA,AGA
root,42,G42C,False,False,0,3,G,pol,AAG,K,AAC,N,K14N,False,False,3,14,False,0,3,,G,C,GC,nonsynonymous,False,unpaired,1,AGA,AGA
root,42,G42T,False,False,0,9,G,pol,AAG,K,AAT,N,K14N,False,False,3,14,False,6,3,,G,T,GT,nonsynonymous,False,unpaired,1,AGA,AGA
root,43,A43C,False,False,0,3,A,pol,ATA,I,CTA,L,I15L,False,False,1,15,False,0,3,,A,C,AC,nonsynonymous,False,unpaired,1,AAT,AAT
root,43,A43G,False,False,0,1110,A,pol,ATA,I,GTA,V,I15V,False,False,1,15,False,770,340,,A,G,AG,nonsynonymous,False,unpaired,1,AAT,AAT
root,43,A43T,False,False,0,60,A,pol,ATA,I,TTA,L,I15L,False,False,1,15,False,50,10,,A,T,AT,nonsynonymous,False,unpaired,1,AAT,AAT
root,43,A43C,False,False,0,11,A,pol,ATA,I,CTA,L,I15L,False,False,1,15,False,11,0,,A,C,AC,nonsynonymous,False,unpaired,1,GAT,GAT
root,43,A43G,False,False,0,942,A,pol,ATA,I,GTA,V,I15V,False,False,1,15,False,500,442,,A,G,AG,nonsynonymous,False,unpaired,1,GAT,GAT
root,43,A43T,False,False,0,0,A,pol,ATA,I,TTA,L,I15L,False,False,1,15,False,0,0,,A,T,AT,nonsynonymous,False,unpaired,1,GAT,GAT
root,44,T44A,False,False,0,3,T,pol,ATA,I,AAA,K,I15K,False,False,2,15,False,3,0,,T,A,TA,nonsynonymous,False,unpaired,1,ATA,ATA
root,44,T44C,False,False,0,1,T,pol,ATA,I,ACA,T,I15T,False,False,2,15,False,0,1,,T,C,TC,nonsynonymous,False,unpaired,1,ATA,ATA
root,44,T44G,False,False,0,0,T,pol,ATA,I,AGA,R,I15R,False,False,2,15,False,0,0,,T,G,TG,nonsynonymous,False,unpaired,1,ATA,ATA
root,44,T44A,False,False,0,6,T,pol,GTA,V,GAA,E,V15E,False,False,2,15,False,6,0,,T,A,TA,nonsynonymous,False,unpaired,1,GTA,GTA
root,44,T44C,False,False,0,3,T,pol,GTA,V,GCA,A,V15A,False,False,2,15,False,3,0,,T,C,TC,nonsynonymous,False,unpaired,1,GTA,GTA
root,44,T44G,False,False,0,3,T,pol,GTA,V,GGA,G,V15G,False,False,2,15,False,3,0,,T,G,TG,nonsynonymous,False,unpaired,1,GTA,GTA
root,45,A45C,False,False,0,38,A,pol,ATA,I,ATC,I,I15I,True,False,3,15,False,29,9,,A,C,AC,synonymous,False,unpaired,1,TAG,TAG
root,45,A45G,False,False,0,1,A,pol,ATA,I,ATG,M,I15M,False,False,3,15,False,1,0,,A,G,AG,nonsynonymous,False,unpaired,1,TAG,TAG
root,45,A45T,False,False,0,13,A,pol,ATA,I,ATT,I,I15I,True,False,3,15,False,10,3,,A,T,AT,synonymous,False,unpaired,1,TAG,TAG
root,45,A45C,False,False,0,39,A,pol,GTA,V,GTC,V,V15V,True,False,3,15,True,26,13,,A,C,AC,synonymous,False,unpaired,1,TAG,TAG
root,45,A45G,False,False,0,91,A,pol,GTA,V,GTG,V,V15V,True,False,3,15,True,62,29,,A,G,AG,synonymous,False,unpaired,1,TAG,TAG
root,45,A45T,False,False,0,19,A,pol,GTA,V,GTT,V,V15V,True,False,3,15,True,19,0,,A,T,AT,synonymous,False,unpaired,1,TAG,TAG
root,46,G46A,False,False,0,9,G,pol,GGG,G,AGG,R,G16R,False,False,1,16,False,8,1,,G,A,GA,nonsynonymous,False,unpaired,1,AGG,AGG
root,46,G46C,False,False,0,3,G,pol,GGG,G,CGG,R,G16R,False,False,1,16,False,3,0,,G,C,GC,nonsynonymous,False,unpaired,1,AGG,AGG
root,46,G46T,False,False,0,3,G,pol,GGG,G,TGG,W,G16W,False,False,1,16,False,3,0,,G,T,GT,nonsynonymous,False,unpaired,1,AGG,AGG
root,47,G47A,False,False,0,473,G,pol,GGG,G,GAG,E,G16E,False,False,2,16,False,330,143,,G,A,GA,nonsynonymous,False,unpaired,1,GGG,GGG
root,47,G47C,False,False,0,30,G,pol,GGG,G,GCG,A,G16A,False,False,2,16,False,22,8,,G,C,GC,nonsynonymous,False,unpaired,1,GGG,GGG
root,47,G47T,False,False,0,0,G,pol,GGG,G,GTG,V,G16V,False,False,2,16,False,0,0,,G,T,GT,nonsynonymous,False,unpaired,1,GGG,GGG
root,48,G48A,False,False,0,538,G,pol,GGG,G,GGA,G,G16G,True,False,3,16,True,341,197,,G,A,GA,synonymous,False,unpaired,1,GGG,GGG
root,48,G48C,False,False,0,0,G,pol,GGG,G,GGC,G,G16G,True,False,3,16,True,0,0,,G,C,GC,synonymous,False,unpaired,1,GGG,GGG
root,48,G48T,False,False,0,5,G,pol,GGG,G,GGT,G,G16G,True,False,3,16,True,4,1,,G,T,GT,synonymous,False,unpaired,1,GGG,GGG
root,49,G49A,False,False,0,3,G,pol,GGG,G,AGG,R,G17R,False,False,1,17,False,3,0,,G,A,GA,nonsynonymous,False,unpaired,1,GGG,GGG
root,49,G49C,False,False,0,0,G,pol,GGG,G,CGG,R,G17R,False,False,1,17,False,0,0,,G,C,GC,nonsynonymous,False,unpaired,1,GGG,GGG
root,49,G49T,False,False,0,0,G,pol,GGG,G,TGG,W,G17W,False,False,1,17,False,0,0,,G,T,GT,nonsynonymous,False,unpaired,1,GGG,GGG
root,50,G50A,False,False,0,175,G,pol,GGA,G,GAA,E,G17E,False,False,2,17,False,115,60,,G,A,GA,nonsynonymous,False,unpaired,1,GGA,GGA
root,50,G50C,False,False,0,0,G,pol,GGA,G,GCA,A,G17A,False,False,2,17,False,0,0,,G,C,GC,nonsynonymous,False,unpaired,1,GGA,GGA
root,50,G50T,False,False,0,0,G,pol,GGA,G,GTA,V,G17V,False,False,2,17,False,0,0,,G,T,GT,nonsynonymous,False,unpaired,1,GGA,GGA
root,50,G50A,False,False,0,69,G,pol,GGG,G,GAG,E,G17E,False,False,2,17,False,38,31,,G,A,GA,nonsynonymous,False,unpaired,1,GGG,GGG
root,50,G50C,False,False,0,0,G,pol,GGG,G,GCG,A,G17A,False,False,2,17,False,0,0,,G,C,GC,nonsynonymous,False,unpaired,1,GGG,GGG
root,50,G50T,False,False,0,0,G,pol,GGG,G,GTG,V,G17V,False,False,2,17,False,0,0,,G,T,GT,nonsynonymous,False,unpaired,1,GGG,GGG
root,51,A51C,False,False,0,55,A,pol,GGA,G,GGC,G,G17G,True,False,3,17,True,37,18,,A,C,AC,synonymous,False,unpaired,1,GAC,GAC
root,51,A51G,False,False,0,530,A,pol,GGA,G,GGG,G,G17G,True,False,3,17,True,349,181,,A,G,AG,synonymous,False,unpaired,1,GAC,GAC
root,51,A51T,False,False,0,71,A,pol,GGA,G,GGT,G,G17G,True,False,3,17,True,55,16,,A,T,AT,synonymous,False,unpaired,1,GAC,GAC
root,51,G51A,False,False,0,915,G,pol,GGG,G,GGA,G,G17G,True,False,3,17,True,580,335,,G,A,GA,synonymous,False,unpaired,1,GGC,GGC
root,51,G51C,False,False,0,36,G,pol,GGG,G,GGC,G,G17G,True,False,3,17,True,14,22,,G,C,GC,synonymous,False,unpaired,1,GGC,GGC
root,51,G51T,False,False,0,7,G,pol,GGG,G,GGT,G,G17G,True,False,3,17,True,2,5,,G,T,GT,synonymous,False,unpaired,1,GGC,GGC
root,52,C52A,False,False,0,0,C,pol,CAA,Q,AAA,K,Q18K,False,False,1,18,False,0,0,,C,A,CA,nonsynonymous,False,unpaired,1,GCA,GCA
root,52,C52G,False,False,0,26,C,pol,CAA,Q,GAA,E,Q18E,False,False,1,18,False,14,12,,C,G,CG,nonsynonymous,False,unpaired,1,GCA,GCA
root,52,C52T,False,False,0,0,C,pol,CAA,Q,TAA,*,Q18*,False,False,1,18,False,0,0,,C,T,CT,nonsense,False,unpaired,1,GCA,GCA
root,52,C52A,False,False,0,15,C,pol,CAG,Q,AAG,K,Q18K,False,False,1,18,False,9,6,,C,A,CA,nonsynonymous,False,unpaired,1,ACA,ACA
root,52,C52G,False,False,0,29,C,pol,CAG,Q,GAG,E,Q18E,False,False,1,18,False,20,9,,C,G,CG,nonsynonymous,False,unpaired,1,ACA,ACA
root,52,C52T,False,False,0,3,C,pol,CAG,Q,TAG,*,Q18*,False,False,1,18,False,3,0,,C,T,CT,nonsense,False,unpaired,1,ACA,ACA
root,53,A53C,False,False,0,2,A,pol,CAA,Q,CCA,P,Q18P,False,False,2,18,False,2,0,,A,C,AC,nonsynonymous,False,unpaired,1,CAA,CAA
root,53,A53G,False,False,0,9,A,pol,CAA,Q,CGA,R,Q18R,False,False,2,18,False,7,2,,A,G,AG,nonsynonymous,False,unpaired,1,CAA,CAA
root,53,A53T,False,False,0,19,A,pol,CAA,Q,CTA,L,Q18L,False,False,2,18,False,14,5,,A,T,AT,nonsynonymous,False,unpaired,1,CAA,CAA
root,53,A53C,False,False,0,2,A,pol,CAG,Q,CCG,P,Q18P,False,False,2,18,False,2,0,,A,C,AC,nonsynonymous,False,unpaired,1,CAG,CAG
root,53,A53G,False,False,0,11,A,pol,CAG,Q,CGG,R,Q18R,False,False,2,18,False,9,2,,A,G,AG,nonsynonymous,False,unpaired,1,CAG,CAG
root,53,A53T,False,False,0,11,A,pol,CAG,Q,CTG,L,Q18L,False,False,2,18,False,11,0,,A,T,AT,nonsynonymous,False,unpaired,1,CAG,CAG
root,54,G54A,False,False,0,607,G,pol,CAG,Q,CAA,Q,Q18Q,True,False,3,18,False,410,197,,G,A,GA,synonymous,False,unpaired,1,AGC,AGC
root,54,G54C,False,False,0,3,G,pol,CAG,Q,CAC,H,Q18H,False,False,3,18,False,3,0,,G,C,GC,nonsynonymous,False,unpaired,1,AGC,AGC
root,54,G54T,False,False,0,33,G,pol,CAG,Q,CAT,H,Q18H,False,False,3,18,False,30,3,,G,T,GT,nonsynonymous,False,unpaired,1,AGC,AGC
root,56,T56A,False,False,0,94,T,pol,CTA,L,CAA,Q,L19Q,False,False,2,19,False,55,39,,T,A,TA,nonsynonymous,False,unpaired,1,CTA,CTA
root,56,T56C,False,False,0,80,T,pol,CTA,L,CCA,P,L19P,False,False,2,19,False,57,23,,T,C,TC,nonsynonymous,False,unpaired,1,CTA,CTA
root,56,T56G,False,False,0,6,T,pol,CTA,L,CGA,R,L19R,False,False,2,19,False,4,2,,T,G,TG,nonsynonymous,False,unpaired,1,CTA,CTA
root,57,A57C,False,False,0,13,A,pol,CTA,L,CTC,L,L19L,True,False,3,19,True,11,2,,A,C,AC,synonymous,False,unpaired,1,TAA,TAA
root,57,A57G,False,False,0,232,A,pol,CTA,L,CTG,L,L19L,True,False,3,19,True,152,80,,A,G,AG,synonymous,False,unpaired,1,TAA,TAA
root,57,A57T,False,False,0,18,A,pol,CTA,L,CTT,L,L19L,True,False,3,19,True,14,4,,A,T,AT,synonymous,False,unpaired,1,TAA,TAA
root,58,A58C,False,False,0,4,A,pol,AAG,K,CAG,Q,K20Q,False,False,1,20,False,2,2,,A,C,AC,nonsynonymous,False,unpaired,1,AAA,AAA
root,58,A58G,False,False,0,7,A,pol,AAG,K,GAG,E,K20E,False,False,1,20,False,5,2,,A,G,AG,nonsynonymous,False,unpaired,1,AAA,AAA
root,58,A58T,False,False,0,0,A,pol,AAG,K,TAG,*,K20*,False,False,1,20,False,0,0,,A,T,AT,nonsense,False,unpaired,1,AAA,AAA
root,59,A59C,False,False,0,21,A,pol,AAG,K,ACG,T,K20T,False,False,2,20,False,12,9,,A,C,AC,nonsynonymous,False,unpaired,1,AAG,AAG
root,59,A59G,False,False,0,511,A,pol,AAG,K,AGG,R,K20R,False,False,2,20,False,319,192,,A,G,AG,nonsynonymous,False,unpaired,1,AAG,AAG
root,59,A59T,False,False,0,62,A,pol,AAG,K,ATG,M,K20M,False,False,2,20,False,40,22,,A,T,AT,nonsynonymous,False,unpaired,1,AAG,AAG
root,60,G60A,False,False,0,1009,G,pol,AAG,K,AAA,K,K20K,True,False,3,20,False,641,368,,G,A,GA,synonymous,False,unpaired,1,AGG,AGG
root,60,G60C,False,False,0,0,G,pol,AAG,K,AAC,N,K20N,False,False,3,20,False,0,0,,G,C,GC,nonsynonymous,False,unpaired,1,AGG,AGG
root,60,G60T,False,False,0,2,G,pol,AAG,K,AAT,N,K20N,False,False,3,20,False,2,0,,G,T,GT,nonsynonymous,False,unpaired,1,AGG,AGG
root,61,G61A,False,False,0,30,G,pol,GAA,E,AAA,K,E21K,False,False,1,21,False,26,4,,G,A,GA,nonsynonymous,False,unpaired,1,GGA,GGA
root,61,G61C,False,False,0,4,G,pol,GAA,E,CAA,Q,E21Q,False,False,1,21,False,4,0,,G,C,GC,nonsynonymous,False,unpaired,1,GGA,GGA
root,61,G61T,False,False,0,0,G,pol,GAA,E,TAA,*,E21*,False,False,1,21,False,0,0,,G,T,GT,nonsense,False,unpaired,1,GGA,GGA
root,62,A62C,False,False,0,0,A,pol,GAA,E,GCA,A,E21A,False,False,2,21,False,0,0,,A,C,AC,nonsynonymous,False,unpaired,1,GAA,GAA
root,62,A62G,False,False,0,3,A,pol,GAA,E,GGA,G,E21G,False,False,2,21,False,3,0,,A,G,AG,nonsynonymous,False,unpaired,1,GAA,GAA
root,62,A62T,False,False,0,1,A,pol,GAA,E,GTA,V,E21V,False,False,2,21,False,1,0,,A,T,AT,nonsynonymous,False,unpaired,1,GAA,GAA
root,63,A63C,False,False,0,2,A,pol,GAA,E,GAC,D,E21D,False,False,3,21,False,1,1,,A,C,AC,nonsynonymous,False,unpaired,1,AAG,AAG
root,63,A63G,False,False,0,261,A,pol,GAA,E,GAG,E,E21E,True,False,3,21,False,165,96,,A,G,AG,synonymous,False,unpaired,1,AAG,AAG
root,63,A63T,False,False,0,1,A,pol,GAA,E,GAT,D,E21D,False,False,3,21,False,1,0,,A,T,AT,nonsynonymous,False,unpaired,1,AAG,AAG
root,64,G64A,False,False,0,3,G,pol,GCT,A,ACT,T,A22T,False,False,1,22,False,3,0,,G,A,GA,nonsynonymous,False,unpaired,1,AGC,AGC
root,64,G64C,False,False,0,0,G,pol,GCT,A,CCT,P,A22P,False,False,1,22,False,0,0,,G,C,GC,nonsynonymous,False,unpaired,1,AGC,AGC
root,64,G64T,False,False,0,1,G,pol,GCT,A,TCT,S,A22S,False,False,1,22,False,1,0,,G,T,GT,nonsynonymous,False,unpaired,1,AGC,AGC
root,65,C65A,False,False,0,1,C,pol,GCT,A,GAT,D,A22D,False,False,2,22,False,1,0,,C,A,CA,nonsynonymous,False,unpaired,1,GCT,GCT
root,65,C65G,False,False,0,0,C,pol,GCT,A,GGT,G,A22G,False,False,2,22,False,0,0,,C,G,CG,nonsynonymous,False,unpaired,1,GCT,GCT
root,65,C65T,False,False,0,5,C,pol,GCT,A,GTT,V,A22V,False,False,2,22,False,5,0,,C,T,CT,nonsynonymous,False,unpaired,1,GCT,GCT
root,66,T66A,False,False,0,30,T,pol,GCT,A,GCA,A,A22A,True,False,3,22,True,21,9,,T,A,TA,synonymous,False,unpaired,1,CTC,CTC
root,66,T66C,False,False,0,361,T,pol,GCT,A,GCC,A,A22A,True,False,3,22,True,249,112,,T,C,TC,synonymous,False,unpaired,1,CTC,CTC
root,66,T66G,False,False,0,52,T,pol,GCT,A,GCG,A,A22A,True,False,3,22,True,42,10,,T,G,TG,synonymous,False,unpaired,1,CTC,CTC
root,67,C67A,False,False,0,5,C,pol,CTA,L,ATA,I,L23I,False,False,1,23,False,1,4,,C,A,CA,nonsynonymous,False,unpaired,1,TCT,TCT
root,67,C67G,False,False,0,1,C,pol,CTA,L,GTA,V,L23V,False,False,1,23,False,1,0,,C,G,CG,nonsynonymous,False,unpaired,1,TCT,TCT
root,67,C67T,False,False,0,243,C,pol,CTA,L,TTA,L,L23L,True,False,1,23,False,166,77,,C,T,CT,synonymous,False,unpaired,1,TCT,TCT
root,68,T68A,False,False,0,0,T,pol,CTA,L,CAA,Q,L23Q,False,False,2,23,False,0,0,,T,A,TA,nonsynonymous,False,unpaired,1,CTA,CTA
root,68,T68C,False,False,0,3,T,pol,CTA,L,CCA,P,L23P,False,False,2,23,False,3,0,,T,C,TC,nonsynonymous,False,unpaired,1,CTA,CTA
root,68,T68G,False,False,0,0,T,pol,CTA,L,CGA,R,L23R,False,False,2,23,False,0,0,,T,G,TG,nonsynonymous,False,unpaired,1,CTA,CTA
root,69,A69C,False,False,0,124,A,pol,CTA,L,CTC,L,L23L,True,False,3,23,True,74,50,,A,C,AC,synonymous,False,unpaired,1,TAT,TAT
root,69,A69G,False,False,0,297,A,pol,CTA,L,CTG,L,L23L,True,False,3,23,True,204,93,,A,G,AG,synonymous,False,unpaired,1,TAT,TAT
root,69,A69T,False,False,0,41,A,pol,CTA,L,CTT,L,L23L,True,False,3,23,True,27,14,,A,T,AT,synonymous,False,unpaired,1,TAT,TAT
root,70,T70A,False,False,0,7,T,pol,TTA,L,ATA,I,L24I,False,False,1,24,False,3,4,,T,A,TA,nonsynonymous,False,unpaired,1,ATT,ATT
root,70,T70C,False,False,0,281,T,pol,TTA,L,CTA,L,L24L,True,False,1,24,False,189,92,,T,C,TC,synonymous,False,unpaired,1,ATT,ATT
root,70,T70G,False,False,0,4,T,pol,TTA,L,GTA,V,L24V,False,False,1,24,False,4,0,,T,G,TG,nonsynonymous,False,unpaired,1,ATT,ATT
root,71,T71A,False,False,0,0,T,pol,TTA,L,TAA,*,L24*,False,False,2,24,False,0,0,,T,A,TA,nonsense,False,unpaired,1,TTA,TTA
root,71,T71C,False,False,0,0,T,pol,TTA,L,TCA,S,L24S,False,False,2,24,False,0,0,,T,C,TC,nonsynonymous,False,unpaired,1,TTA,TTA
root,71,T71G,False,False,0,0,T,pol,TTA,L,TGA,*,L24*,False,False,2,24,False,0,0,,T,G,TG,nonsense,False,unpaired,1,TTA,TTA
root,72,A72C,False,False,0,2,A,pol,TTA,L,TTC,F,L24F,False,False,3,24,False,2,0,,A,C,AC,nonsynonymous,False,unpaired,1,TAG,TAG
root,72,A72G,False,False,0,166,A,pol,TTA,L,TTG,L,L24L,True,False,3,24,False,106,60,,A,G,AG,synonymous,False,unpaired,1,TAG,TAG
root,72,A72T,False,False,0,1,A,pol,TTA,L,TTT,F,L24F,False,False,3,24,False,1,0,,A,T,AT,nonsynonymous,False,unpaired,1,TAG,TAG
root,73,G73A,False,False,0,14,G,pol,GAT,D,AAT,N,D25N,False,False,1,25,False,13,1,,G,A,GA,nonsynonymous,False,unpaired,1,AGA,AGA
root,73,G73C,False,False,0,3,G,pol,GAT,D,CAT,H,D25H,False,False,1,25,False,3,0,,G,C,GC,nonsynonymous,False,unpaired,1,AGA,AGA
root,73,G73T,False,False,0,3,G,pol,GAT,D,TAT,Y,D25Y,False,False,1,25,False,3,0,,G,T,GT,nonsynonymous,False,unpaired,1,AGA,AGA
root,74,A74C,False,False,0,3,A,pol,GAT,D,GCT,A,D25A,False,False,2,25,False,3,0,,A,C,AC,nonsynonymous,False,unpaired,1,GAT,GAT
root,74,A74G,False,False,0,1,A,pol,GAT,D,GGT,G,D25G,False,False,2,25,False,1,0,,A,G,AG,nonsynonymous,False,unpaired,1,GAT,GAT
root,74,A74T,False,False,0,0,A,pol,GAT,D,GTT,V,D25V,False,False,2,25,False,0,0,,A,T,AT,nonsynonymous,False,unpaired,1,GAT,GAT
root,75,T75A,False,False,0,0,T,pol,GAT,D,GAA,E,D25E,False,False,3,25,False,0,0,,T,A,TA,nonsynonymous,False,unpaired,1,ATA,ATA
root,75,T75C,False,False,0,508,T,pol,GAT,D,GAC,D,D25D,True,False,3,25,False,315,193,,T,C,TC,synonymous,False,unpaired,1,ATA,ATA
root,75,T75G,False,False,0,0,T,pol,GAT,D,GAG,E,D25E,False,False,3,25,False,0,0,,T,G,TG,nonsynonymous,False,unpaired,1,ATA,ATA
root,76,A76C,False,False,0,3,A,pol,ACA,T,CCA,P,T26P,False,False,1,26,False,3,0,,A,C,AC,nonsynonymous,False,unpaired,1,TAC,TAC
root,76,A76G,False,False,0,5,A,pol,ACA,T,GCA,A,T26A,False,False,1,26,False,4,1,,A,G,AG,nonsynonymous,False,unpaired,1,TAC,TAC
root,76,A76T,False,False,0,0,A,pol,ACA,T,TCA,S,T26S,False,False,1,26,False,0,0,,A,T,AT,nonsynonymous,False,unpaired,1,TAC,TAC
root,77,C77A,False,False,0,1,C,pol,ACA,T,AAA,K,T26K,False,False,2,26,False,1,0,,C,A,CA,nonsynonymous,False,unpaired,1,ACA,ACA
root,77,C77G,False,False,0,1,C,pol,ACA,T,AGA,R,T26R,False,False,2,26,False,0,1,,C,G,CG,nonsynonymous,False,unpaired,1,ACA,ACA
root,77,C77T,False,False,0,4,C,pol,ACA,T,ATA,I,T26I,False,False,2,26,False,4,0,,C,T,CT,nonsynonymous,False,unpaired,1,ACA,ACA
root,78,A78C,False,False,0,16,A,pol,ACA,T,ACC,T,T26T,True,False,3,26,True,11,5,,A,C,AC,synonymous,False,unpaired,1,CAG,CAG
root,78,A78G,False,False,0,62,A,pol,ACA,T,ACG,T,T26T,True,False,3,26,True,51,11,,A,G,AG,synonymous,False,unpaired,1,CAG,CAG
root,78,A78T,False,False,0,18,A,pol,ACA,T,ACT,T,T26T,True,False,3,26,True,13,5,,A,T,AT,synonymous,False,unpaired,1,CAG,CAG
root,79,G79A,False,False,0,0,G,pol,GGA,G,AGA,R,G27R,False,False,1,27,False,0,0,,G,A,GA,nonsynonymous,False,unpaired,1,AGG,AGG
root,79,G79C,False,False,0,0,G,pol,GGA,G,CGA,R,G27R,False,False,1,27,False,0,0,,G,C,GC,nonsynonymous,False,unpaired,1,AGG,AGG
root,79,G79T,False,False,0,0,G,pol,GGA,G,TGA,*,G27*,False,False,1,27,False,0,0,,G,T,GT,nonsense,False,unpaired,1,AGG,AGG
root,80,G80A,False,False,0,1,G,pol,GGA,G,GAA,E,G27E,False,False,2,27,False,1,0,,G,A,GA,nonsynonymous,False,unpaired,1,GGA,GGA
root,80,G80C,False,False,0,1,G,pol,GGA,G,GCA,A,G27A,False,False,2,27,False,1,0,,G,C,GC,nonsynonymous,False,unpaired,1,GGA,GGA
root,80,G80T,False,False,0,0,G,pol,GGA,G,GTA,V,G27V,False,False,2,27,False,0,0,,G,T,GT,nonsynonymous,False,unpaired,1,GGA,GGA
root,81,A81C,False,False,0,2,A,pol,GGA,G,GGC,G,G27G,True,False,3,27,True,1,1,,A,C,AC,synonymous,False,unpaired,1,GAG,GAG
root,81,A81G,False,False,0,275,A,pol,GGA,G,GGG,G,G27G,True,False,3,27,True,188,87,,A,G,AG,synonymous,False,unpaired,1,GAG,GAG
root,81,A81T,False,False,0,8,A,pol,GGA,G,GGT,G,G27G,True,False,3,27,True,5,3,,A,T,AT,synonymous,False,unpaired,1,GAG,GAG
root,82,G82A,False,False,0,3,G,pol,GCA,A,ACA,T,A28T,False,False,1,28,False,3,0,,G,A,GA,nonsynonymous,False,unpaired,1,AGC,AGC
root,82,G82C,False,False,0,3,G,pol,GCA,A,CCA,P,A28P,False,False,1,28,False,3,0,,G,C,GC,nonsynonymous,False,unpaired,1,AGC,AGC
root,82,G82T,False,False,0,0,G,pol,GCA,A,TCA,S,A28S,False,False,1,28,False,0,0,,G,T,GT,nonsynonymous,False,unpaired,1,AGC,AGC
root,83,C83A,False,False,0,1,C,pol,GCA,A,GAA,E,A28E,False,False,2,28,False,1,0,,C,A,CA,nonsynonymous,False,unpaired,1,GCA,GCA
root,83,C83G,False,False,0,1,C,pol,GCA,A,GGA,G,A28G,False,False,2,28,False,1,0,,C,G,CG,nonsynonymous,False,unpaired,1,GCA,GCA
root,83,C83T,False,False,0,0,C,pol,GCA,A,GTA,V,A28V,False,False,2,28,False,0,0,,C,T,CT,nonsynonymous,False,unpaired,1,GCA,GCA
root,84,A84C,False,False,0,33,A,pol,GCA,A,GCC,A,A28A,True,False,3,28,True,24,9,,A,C,AC,synonymous,False,unpaired,1,CAG,CAG
root,84,A84G,False,False,0,59,A,pol,GCA,A,GCG,A,A28A,True,False,3,28,True,44,15,,A,G,AG,synonymous,False,unpaired,1,CAG,CAG
root,84,A84T,False,False,0,45,A,pol,GCA,A,GCT,A,A28A,True,False,3,28,True,34,11,,A,T,AT,synonymous,False,unpaired,1,CAG,CAG
root,85,G85A,False,False,0,10,G,pol,GAT,D,AAT,N,D29N,False,False,1,29,False,9,1,,G,A,GA,nonsynonymous,False,unpaired,1,AGA,AGA
root,85,G85C,False,False,0,1,G,pol,GAT,D,CAT,H,D29H,False,False,1,29,False,1,0,,G,C,GC,nonsynonymous,False,unpaired,1,AGA,AGA
root,85,G85T,False,False,0,1,G,pol,GAT,D,TAT,Y,D29Y,False,False,1,29,False,1,0,,G,T,GT,nonsynonymous,False,unpaired,1,AGA,AGA
root,86,A86C,False,False,0,0,A,pol,GAT,D,GCT,A,D29A,False,False,2,29,False,0,0,,A,C,AC,nonsynonymous,False,unpaired,1,GAT,GAT
root,86,A86G,False,False,0,12,A,pol,GAT,D,GGT,G,D29G,False,False,2,29,False,12,0,,A,G,AG,nonsynonymous,False,unpaired,1,GAT,GAT
root,86,A86T,False,False,0,0,A,pol,GAT,D,GTT,V,D29V,False,False,2,29,False,0,0,,A,T,AT,nonsynonymous,False,unpaired,1,GAT,GAT
root,87,T87A,False,False,0,0,T,pol,GAT,D,GAA,E,D29E,False,False,3,29,False,0,0,,T,A,TA,nonsynonymous,False,unpaired,1,ATG,ATG
root,87,T87C,False,False,0,56,T,pol,GAT,D,GAC,D,D29D,True,False,3,29,False,44,12,,T,C,TC,synonymous,False,unpaired,1,ATG,ATG
root,87,T87G,False,False,0,1,T,pol,GAT,D,GAG,E,D29E,False,False,3,29,False,1,0,,T,G,TG,nonsynonymous,False,unpaired,1,ATG,ATG
root,88,G88A,False,False,0,36,G,pol,GAT,D,AAT,N,D30N,False,False,1,30,False,29,7,,G,A,GA,nonsynonymous,False,unpaired,1,TGA,TGA
root,88,G88C,False,False,0,0,G,pol,GAT,D,CAT,H,D30H,False,False,1,30,False,0,0,,G,C,GC,nonsynonymous,False,unpaired,1,TGA,TGA
root,88,G88T,False,False,0,0,G,pol,GAT,D,TAT,Y,D30Y,False,False,1,30,False,0,0,,G,T,GT,nonsynonymous,False,unpaired,1,TGA,TGA
root,89,A89C,False,False,0,1,A,pol,GAT,D,GCT,A,D30A,False,False,2,30,False,1,0,,A,C,AC,nonsynonymous,False,unpaired,1,GAT,GAT
root,89,A89G,False,False,0,4,A,pol,GAT,D,GGT,G,D30G,False,False,2,30,False,4,0,,A,G,AG,nonsynonymous,False,unpaired,1,GAT,GAT
root,89,A89T,False,False,0,1,A,pol,GAT,D,GTT,V,D30V,False,False,2,30,False,1,0,,A,T,AT,nonsynonymous,False,unpaired,1,GAT,GAT
root,90,T90A,False,False,0,0,T,pol,GAT,D,GAA,E,D30E,False,False,3,30,False,0,0,,T,A,TA,nonsynonymous,False,unpaired,1,ATA,ATA
root,90,T90C,False,False,0,242,T,pol,GAT,D,GAC,D,D30D,True,False,3,30,False,184,58,,T,C,TC,synonymous,False,unpaired,1,ATA,ATA
root,90,T90G,False,False,0,1,T,pol,GAT,D,GAG,E,D30E,False,False,3,30,False,1,0,,T,G,TG,nonsynonymous,False,unpaired,1,ATA,ATA
root,91,A91C,False,False,0,3,A,pol,ACA,T,CCA,P,T31P,False,False,1,31,False,3,0,,A,C,AC,nonsynonymous,False,unpaired,1,TAC,TAC
root,91,A91G,False,False,0,5,A,pol,ACA,T,GCA,A,T31A,False,False,1,31,False,5,0,,A,G,AG,nonsynonymous,False,unpaired,1,TAC,TAC
root,91,A91T,False,False,0,0,A,pol,ACA,T,TCA,S,T31S,False,False,1,31,False,0,0,,A,T,AT,nonsynonymous,False,unpaired,1,TAC,TAC
root,92,C92A,False,False,0,0,C,pol,ACA,T,AAA,K,T31K,False,False,2,31,False,0,0,,C,A,CA,nonsynonymous,False,unpaired,1,ACA,ACA
root,92,C92G,False,False,0,0,C,pol,ACA,T,AGA,R,T31R,False,False,2,31,False,0,0,,C,G,CG,nonsynonymous,False,unpaired,1,ACA,ACA
root,92,C92T,False,False,0,0,C,pol,ACA,T,ATA,I,T31I,False,False,2,31,False,0,0,,C,T,CT,nonsynonymous,False,unpaired,1,ACA,ACA
root,93,A93C,False,False,0,19,A,pol,ACA,T,ACC,T,T31T,True,False,3,31,True,18,1,,A,C,AC,synonymous,False,unpaired,1,CAG,CAG
root,93,A93G,False,False,0,45,A,pol,ACA,T,ACG,T,T31T,True,False,3,31,True,35,10,,A,G,AG,synonymous,False,unpaired,1,CAG,CAG
root,93,A93T,False,False,0,25,A,pol,ACA,T,ACT,T,T31T,True,False,3,31,True,18,7,,A,T,AT,synonymous,False,unpaired,1,CAG,CAG
root,94,G94A,False,False,0,16,G,pol,GTA,V,ATA,I,V32I,False,False,1,32,False,7,9,,G,A,GA,nonsynonymous,False,unpaired,1,AGT,AGT
root,94,G94C,False,False,0,0,G,pol,GTA,V,CTA,L,V32L,False,False,1,32,False,0,0,,G,C,GC,nonsynonymous,False,unpaired,1,AGT,AGT
root,94,G94T,False,False,0,4,G,pol,GTA,V,TTA,L,V32L,False,False,1,32,False,3,1,,G,T,GT,nonsynonymous,False,unpaired,1,AGT,AGT
root,95,T95A,False,False,0,3,T,pol,GTA,V,GAA,E,V32E,False,False,2,32,False,3,0,,T,A,TA,nonsynonymous,False,unpaired,1,GTA,GTA
root,95,T95C,False,False,0,4,T,pol,GTA,V,GCA,A,V32A,False,False,2,32,False,4,0,,T,C,TC,nonsynonymous,False,unpaired,1,GTA,GTA
root,95,T95G,False,False,0,4,T,pol,GTA,V,GGA,G,V32G,False,False,2,32,False,4,0,,T,G,TG,nonsynonymous,False,unpaired,1,GTA,GTA
root,96,A96C,False,False,0,54,A,pol,GTA,V,GTC,V,V32V,True,False,3,32,True,34,20,,A,C,AC,synonymous,False,unpaired,1,TAT,TAT
root,96,A96G,False,False,0,275,A,pol,GTA,V,GTG,V,V32V,True,False,3,32,True,189,86,,A,G,AG,synonymous,False,unpaired,1,TAT,TAT
root,96,A96T,False,False,0,59,A,pol,GTA,V,GTT,V,V32V,True,False,3,32,True,43,16,,A,T,AT,synonymous,False,unpaired,1,TAT,TAT
root,97,T97A,False,False,0,53,T,pol,TTA,L,ATA,I,L33I,False,False,1,33,False,30,23,,T,A,TA,nonsynonymous,False,unpaired,1,ATT,ATT
root,97,T97C,False,False,0,243,T,pol,TTA,L,CTA,L,L33L,True,False,1,33,False,178,65,,T,C,TC,synonymous,False,unpaired,1,ATT,ATT
root,97,T97G,False,False,0,113,T,pol,TTA,L,GTA,V,L33V,False,False,1,33,False,69,44,,T,G,TG,nonsynonymous,False,unpaired,1,ATT,ATT
root,98,T98A,False,False,0,0,T,pol,TTA,L,TAA,*,L33*,False,False,2,33,False,0,0,,T,A,TA,nonsense,False,unpaired,1,TTA,TTA
root,98,T98C,False,False,0,1,T,pol,TTA,L,TCA,S,L33S,False,False,2,33,False,1,0,,T,C,TC,nonsynonymous,False,unpaired,1,TTA,TTA
root,98,T98G,False,False,0,0,T,pol,TTA,L,TGA,*,L33*,False,False,2,33,False,0,0,,T,G,TG,nonsense,False,unpaired,1,TTA,TTA
root,99,A99C,False,False,0,18,A,pol,TTA,L,TTC,F,L33F,False,False,3,33,False,12,6,,A,C,AC,nonsynonymous,False,unpaired,1,TAG,TAG
root,99,A99G,False,False,0,123,A,pol,TTA,L,TTG,L,L33L,True,False,3,33,False,96,27,,A,G,AG,synonymous,False,unpaired,1,TAG,TAG
root,99,A99T,False,False,0,41,A,pol,TTA,L,TTT,F,L33F,False,False,3,33,False,25,16,,A,T,AT,nonsynonymous,False,unpaired,1,TAG,TAG
root,100,G100A,False,False,0,39,G,pol,GAA,E,AAA,K,E34K,False,False,1,34,False,35,4,,G,A,GA,nonsynonymous,False,unpaired,1,AGA,AGA
root,100,G100C,False,False,0,6,G,pol,GAA,E,CAA,Q,E34Q,False,False,1,34,False,4,2,,G,C,GC,nonsynonymous,False,unpaired,1,AGA,AGA
root,100,G100T,False,False,0,3,G,pol,GAA,E,TAA,*,E34*,False,False,1,34,False,3,0,,G,T,GT,nonsense,False,unpaired,1,AGA,AGA
root,101,A101C,False,False,0,10,A,pol,GAA,E,GCA,A,E34A,False,False,2,34,False,6,4,,A,C,AC,nonsynonymous,False,unpaired,1,GAA,GAA
root,101,A101G,False,False,0,11,A,pol,GAA,E,GGA,G,E34G,False,False,2,34,False,11,0,,A,G,AG,nonsynonymous,False,unpaired,1,GAA,GAA
root,101,A101T,False,False,0,0,A,pol,GAA,E,GTA,V,E34V,False,False,2,34,False,0,0,,A,T,AT,nonsynonymous,False,unpaired,1,GAA,GAA
root,102,A102C,False,False,0,4,A,pol,GAA,E,GAC,D,E34D,False,False,3,34,False,3,1,,A,C,AC,nonsynonymous,False,unpaired,1,AAG,AAG
root,102,A102G,False,False,0,213,A,pol,GAA,E,GAG,E,E34E,True,False,3,34,False,148,65,,A,G,AG,synonymous,False,unpaired,1,AAG,AAG
root,102,A102T,False,False,0,1,A,pol,GAA,E,GAT,D,E34D,False,False,3,34,False,1,0,,A,T,AT,nonsynonymous,False,unpaired,1,AAG,AAG
root,103,G103A,False,False,0,47,G,pol,GAA,E,AAA,K,E35K,False,False,1,35,False,42,5,,G,A,GA,nonsynonymous,False,unpaired,1,AGA,AGA
root,103,G103C,False,False,0,28,G,pol,GAA,E,CAA,Q,E35Q,False,False,1,35,False,24,4,,G,C,GC,nonsynonymous,False,unpaired,1,AGA,AGA
root,103,G103T,False,False,0,0,G,pol,GAA,E,TAA,*,E35*,False,False,1,35,False,0,0,,G,T,GT,nonsense,False,unpaired,1,AGA,AGA
root,104,A104C,False,False,0,4,A,pol,GAA,E,GCA,A,E35A,False,False,2,35,False,4,0,,A,C,AC,nonsynonymous,False,unpaired,1,GAA,GAA
root,104,A104G,False,False,0,25,A,pol,GAA,E,GGA,G,E35G,False,False,2,35,False,20,5,,A,G,AG,nonsynonymous,False,unpaired,1,GAA,GAA
root,104,A104T,False,False,0,0,A,pol,GAA,E,GTA,V,E35V,False,False,2,35,False,0,0,,A,T,AT,nonsynonymous,False,unpaired,1,GAA,GAA
root,105,A105C,False,False,0,1261,A,pol,GAA,E,GAC,D,E35D,False,False,3,35,False,661,600,,A,C,AC,nonsynonymous,False,unpaired,1,AAA,AAA
root,105,A105G,False,False,0,179,A,pol,GAA,E,GAG,E,E35E,True,False,3,35,False,132,47,,A,G,AG,synonymous,False,unpaired,1,AAA,AAA
root,105,A105T,False,False,0,268,A,pol,GAA,E,GAT,D,E35D,False,False,3,35,False,166,102,,A,T,AT,nonsynonymous,False,unpaired,1,AAA,AAA
root,107,T107A,False,False,0,0,T,pol,ATA,I,AAA,K,I36K,False,False,2,36,False,0,0,,T,A,TA,nonsynonymous,False,unpaired,1,ATA,ATA
root,107,T107C,False,False,0,30,T,pol,ATA,I,ACA,T,I36T,False,False,2,36,False,25,5,,T,C,TC,nonsynonymous,False,unpaired,1,ATA,ATA
root,107,T107G,False,False,0,0,T,pol,ATA,I,AGA,R,I36R,False,False,2,36,False,0,0,,T,G,TG,nonsynonymous,False,unpaired,1,ATA,ATA
root,107,T107A,False,False,0,0,T,pol,ATG,M,AAG,K,M36K,False,False,2,36,False,0,0,,T,A,TA,nonsynonymous,False,unpaired,1,ATG,ATG
root,107,T107C,False,False,0,12,T,pol,ATG,M,ACG,T,M36T,False,False,2,36,False,10,2,,T,C,TC,nonsynonymous,False,unpaired,1,ATG,ATG
root,107,T107G,False,False,0,0,T,pol,ATG,M,AGG,R,M36R,False,False,2,36,False,0,0,,T,G,TG,nonsynonymous,False,unpaired,1,ATG,ATG
root,108,A108C,False,False,0,18,A,pol,ATA,I,ATC,I,I36I,True,False,3,36,False,8,10,,A,C,AC,synonymous,False,unpaired,1,TAA,TAA
root,108,A108G,False,False,0,403,A,pol,ATA,I,ATG,M,I36M,False,False,3,36,False,242,161,,A,G,AG,nonsynonymous,False,unpaired,1,TAA,TAA
root,108,A108T,False,False,0,24,A,pol,ATA,I,ATT,I,I36I,True,False,3,36,False,18,6,,A,T,AT,synonymous,False,unpaired,1,TAA,TAA
root,108,G108A,False,False,0,1225,G,pol,ATG,M,ATA,I,M36I,False,False,3,36,False,727,498,,G,A,GA,nonsynonymous,False,unpaired,1,TGA,TGA
root,108,G108C,False,False,0,0,G,pol,ATG,M,ATC,I,M36I,False,False,3,36,False,0,0,,G,C,GC,nonsynonymous,False,unpaired,1,TGA,TGA
root,108,G108T,False,False,0,25,G,pol,ATG,M,ATT,I,M36I,False,False,3,36,False,22,3,,G,T,GT,nonsynonymous,False,unpaired,1,TGA,TGA
root,109,A109C,False,False,0,20,A,pol,AAT,N,CAT,H,N37H,False,False,1,37,False,16,4,,A,C,AC,nonsynonymous,False,unpaired,1,AAA,AAA
root,109,A109G,False,False,0,717,A,pol,AAT,N,GAT,D,N37D,False,False,1,37,False,467,250,,A,G,AG,nonsynonymous,False,unpaired,1,AAA,AAA
root,109,A109T,False,False,0,4,A,pol,AAT,N,TAT,Y,N37Y,False,False,1,37,False,4,0,,A,T,AT,nonsynonymous,False,unpaired,1,AAA,AAA
root,109,A109C,False,False,0,77,A,pol,AAT,N,CAT,H,N37H,False,False,1,37,False,37,40,,A,C,AC,nonsynonymous,False,unpaired,1,GAA,GAA
root,109,A109G,False,False,0,682,A,pol,AAT,N,GAT,D,N37D,False,False,1,37,False,406,276,,A,G,AG,nonsynonymous,False,unpaired,1,GAA,GAA
root,109,A109T,False,False,0,27,A,pol,AAT,N,TAT,Y,N37Y,False,False,1,37,False,7,20,,A,T,AT,nonsynonymous,False,unpaired,1,GAA,GAA
root,110,A110C,False,False,0,121,A,pol,AAT,N,ACT,T,N37T,False,False,2,37,False,85,36,,A,C,AC,nonsynonymous,False,unpaired,1,AAT,AAT
root,110,A110G,False,False,0,612,A,pol,AAT,N,AGT,S,N37S,False,False,2,37,False,364,248,,A,G,AG,nonsynonymous,False,unpaired,1,AAT,AAT
root,110,A110T,False,False,0,12,A,pol,AAT,N,ATT,I,N37I,False,False,2,37,False,11,1,,A,T,AT,nonsynonymous,False,unpaired,1,AAT,AAT
root,111,T111A,False,False,0,34,T,pol,AAT,N,AAA,K,N37K,False,False,3,37,False,20,14,,T,A,TA,nonsynonymous,False,unpaired,1,ATT,ATT
root,111,T111C,False,False,0,93,T,pol,AAT,N,AAC,N,N37N,True,False,3,37,False,69,24,,T,C,TC,synonymous,False,unpaired,1,ATT,ATT
root,111,T111G,False,False,0,22,T,pol,AAT,N,AAG,K,N37K,False,False,3,37,False,11,11,,T,G,TG,nonsynonymous,False,unpaired,1,ATT,ATT
root,112,T112A,False,False,0,1,T,pol,TTG,L,ATG,M,L38M,False,False,1,38,False,1,0,,T,A,TA,nonsynonymous,False,unpaired,1,TTT,TTT
root,112,T112C,False,False,0,113,T,pol,TTG,L,CTG,L,L38L,True,False,1,38,False,77,36,,T,C,TC,synonymous,False,unpaired,1,TTT,TTT
root,112,T112G,False,False,0,4,T,pol,TTG,L,GTG,V,L38V,False,False,1,38,False,2,2,,T,G,TG,nonsynonymous,False,unpaired,1,TTT,TTT
root,113,T113A,False,False,0,0,T,pol,TTG,L,TAG,*,L38*,False,False,2,38,False,0,0,,T,A,TA,nonsense,False,unpaired,1,TTG,TTG
root,113,T113C,False,False,0,0,T,pol,TTG,L,TCG,S,L38S,False,False,2,38,False,0,0,,T,C,TC,nonsynonymous,False,unpaired,1,TTG,TTG
root,113,T113G,False,False,0,1,T,pol,TTG,L,TGG,W,L38W,False,False,2,38,False,1,0,,T,G,TG,nonsynonymous,False,unpaired,1,TTG,TTG
root,114,G114A,False,False,0,880,G,pol,TTG,L,TTA,L,L38L,True,False,3,38,False,571,309,,G,A,GA,synonymous,False,unpaired,1,TGC,TGC
root,114,G114C,False,False,0,1,G,pol,TTG,L,TTC,F,L38F,False,False,3,38,False,1,0,,G,C,GC,nonsynonymous,False,unpaired,1,TGC,TGC
root,114,G114T,False,False,0,0,G,pol,TTG,L,TTT,F,L38F,False,False,3,38,False,0,0,,G,T,GT,nonsynonymous,False,unpaired,1,TGC,TGC
root,115,C115A,False,False,0,46,C,pol,CCA,P,ACA,T,P39T,False,False,1,39,False,30,16,,C,A,CA,nonsynonymous,False,unpaired,1,GCC,GCC
root,115,C115G,False,False,0,16,C,pol,CCA,P,GCA,A,P39A,False,False,1,39,False,11,5,,C,G,CG,nonsynonymous,False,unpaired,1,GCC,GCC
root,115,C115T,False,False,0,164,C,pol,CCA,P,TCA,S,P39S,False,False,1,39,False,123,41,,C,T,CT,nonsynonymous,False,unpaired,1,GCC,GCC
root,116,C116A,False,False,0,67,C,pol,CCA,P,CAA,Q,P39Q,False,False,2,39,False,49,18,,C,A,CA,nonsynonymous,False,unpaired,1,CCA,CCA
root,116,C116G,False,False,0,2,C,pol,CCA,P,CGA,R,P39R,False,False,2,39,False,1,1,,C,G,CG,nonsynonymous,False,unpaired,1,CCA,CCA
root,116,C116T,False,False,0,17,C,pol,CCA,P,CTA,L,P39L,False,False,2,39,False,14,3,,C,T,CT,nonsynonymous,False,unpaired,1,CCA,CCA
root,117,A117C,False,False,0,9,A,pol,CCA,P,CCC,P,P39P,True,False,3,39,True,8,1,,A,C,AC,synonymous,False,unpaired,1,CAG,CAG
root,117,A117G,False,False,0,52,A,pol,CCA,P,CCG,P,P39P,True,False,3,39,True,42,10,,A,G,AG,synonymous,False,unpaired,1,CAG,CAG
root,117,A117T,False,False,0,25,A,pol,CCA,P,CCT,P,P39P,True,False,3,39,True,22,3,,A,T,AT,synonymous,False,unpaired,1,CAG,CAG
root,118,G118A,False,False,0,3,G,pol,GGA,G,AGA,R,G40R,False,False,1,40,False,3,0,,G,A,GA,nonsynonymous,False,unpaired,1,AGG,AGG
root,118,G118C,False,False,0,2,G,pol,GGA,G,CGA,R,G40R,False,False,1,40,False,2,0,,G,C,GC,nonsynonymous,False,unpaired,1,AGG,AGG
root,118,G118T,False,False,0,0,G,pol,GGA,G,TGA,*,G40*,False,False,1,40,False,0,0,,G,T,GT,nonsense,False,unpaired,1,AGG,AGG
root,119,G119A,False,False,0,10,G,pol,GGA,G,GAA,E,G40E,False,False,2,40,False,8,2,,G,A,GA,nonsynonymous,False,unpaired,1,GGA,GGA
root,119,G119C,False,False,0,0,G,pol,GGA,G,GCA,A,G40A,False,False,2,40,False,0,0,,G,C,GC,nonsynonymous,False,unpaired,1,GGA,GGA
root,119,G119T,False,False,0,0,G,pol,GGA,G,GTA,V,G40V,False,False,2,40,False,0,0,,G,T,GT,nonsynonymous,False,unpaired,1,GGA,GGA
root,120,A120C,False,False,0,23,A,pol,GGA,G,GGC,G,G40G,True,False,3,40,True,13,10,,A,C,AC,synonymous,False,unpaired,1,GAA,GAA
root,120,A120G,False,False,0,566,A,pol,GGA,G,GGG,G,G40G,True,False,3,40,True,390,176,,A,G,AG,synonymous,False,unpaired,1,GAA,GAA
root,120,A120T,False,False,0,19,A,pol,GGA,G,GGT,G,G40G,True,False,3,40,True,13,6,,A,T,AT,synonymous,False,unpaired,1,GAA,GAA
root,121,A121C,False,False,0,2,A,pol,AAA,K,CAA,Q,K41Q,False,False,1,41,False,2,0,,A,C,AC,nonsynonymous,False,unpaired,1,AAA,AAA
root,121,A121G,False,False,0,5,A,pol,AAA,K,GAA,E,K41E,False,False,1,41,False,5,0,,A,G,AG,nonsynonymous,False,unpaired,1,AAA,AAA
root,121,A121T,False,False,0,0,A,pol,AAA,K,TAA,*,K41*,False,False,1,41,False,0,0,,A,T,AT,nonsense,False,unpaired,1,AAA,AAA
root,122,A122C,False,False,0,3,A,pol,AAA,K,ACA,T,K41T,False,False,2,41,False,3,0,,A,C,AC,nonsynonymous,False,unpaired,1,AAA,AAA
root,122,A122G,False,False,0,503,A,pol,AAA,K,AGA,R,K41R,False,False,2,41,False,325,178,,A,G,AG,nonsynonymous,False,unpaired,1,AAA,AAA
root,122,A122T,False,False,0,5,A,pol,AAA,K,ATA,I,K41I,False,False,2,41,False,5,0,,A,T,AT,nonsynonymous,False,unpaired,1,AAA,AAA
root,122,G122A,False,False,0,1482,G,pol,AGA,R,AAA,K,R41K,False,False,2,41,False,823,659,,G,A,GA,nonsynonymous,False,unpaired,1,AGA,AGA
root,122,G122C,False,False,0,0,G,pol,AGA,R,ACA,T,R41T,False,False,2,41,False,0,0,,G,C,GC,nonsynonymous,False,unpaired,1,AGA,AGA
root,122,G122T,False,False,0,3,G,pol,AGA,R,ATA,I,R41I,False,False,2,41,False,3,0,,G,T,GT,nonsynonymous,False,unpaired,1,AGA,AGA
root,123,A123C,False,False,0,3,A,pol,AAA,K,AAC,N,K41N,False,False,3,41,False,3,0,,A,C,AC,nonsynonymous,False,unpaired,1,AAT,AAT
root,123,A123G,False,False,0,164,A,pol,AAA,K,AAG,K,K41K,True,False,3,41,False,116,48,,A,G,AG,synonymous,False,unpaired,1,AAT,AAT
root,123,A123T,False,False,0,29,A,pol,AAA,K,AAT,N,K41N,False,False,3,41,False,18,11,,A,T,AT,nonsynonymous,False,unpaired,1,AAT,AAT
root,123,A123C,False,False,0,3,A,pol,AGA,R,AGC,S,R41S,False,False,3,41,False,3,0,,A,C,AC,nonsynonymous,False,unpaired,1,GAT,GAT
root,123,A123G,False,False,0,347,A,pol,AGA,R,AGG,R,R41R,True,False,3,41,False,241,106,,A,G,AG,synonymous,False,unpaired,1,GAT,GAT
root,123,A123T,False,False,0,3,A,pol,AGA,R,AGT,S,R41S,False,False,3,41,False,3,0,,A,T,AT,nonsynonymous,False,unpaired,1,GAT,GAT
root,124,T124A,False,False,0,1,T,pol,TGG,W,AGG,R,W42R,False,False,1,42,False,0,1,,T,A,TA,nonsynonymous,False,unpaired,1,ATG,ATG
root,124,T124C,False,False,0,3,T,pol,TGG,W,CGG,R,W42R,False,False,1,42,False,2,1,,T,C,TC,nonsynonymous,False,unpaired,1,ATG,ATG
root,124,T124G,False,False,0,4,T,pol,TGG,W,GGG,G,W42G,False,False,1,42,False,3,1,,T,G,TG,nonsynonymous,False,unpaired,1,ATG,ATG
root,125,G125A,False,False,0,10,G,pol,TGG,W,TAG,*,W42*,False,False,2,42,False,10,0,,G,A,GA,nonsense,False,unpaired,1,TGG,TGG
root,125,G125C,False,False,0,0,G,pol,TGG,W,TCG,S,W42S,False,False,2,42,False,0,0,,G,C,GC,nonsynonymous,False,unpaired,1,TGG,TGG
root,125,G125T,False,False,0,1,G,pol,TGG,W,TTG,L,W42L,False,False,2,42,False,1,0,,G,T,GT,nonsynonymous,False,unpaired,1,TGG,TGG
root,126,G126A,False,False,0,20,G,pol,TGG,W,TGA,*,W42*,False,False,3,42,False,18,2,,G,A,GA,nonsense,False,unpaired,1,GGA,GGA
root,126,G126C,False,False,0,0,G,pol,TGG,W,TGC,C,W42C,False,False,3,42,False,0,0,,G,C,GC,nonsynonymous,False,unpaired,1,GGA,GGA
root,126,G126T,False,False,0,0,G,pol,TGG,W,TGT,C,W42C,False,False,3,42,False,0,0,,G,T,GT,nonsynonymous,False,unpaired,1,GGA,GGA
root,127,A127C,False,False,0,0,A,pol,AAA,K,CAA,Q,K43Q,False,False,1,43,False,0,0,,A,C,AC,nonsynonymous,False,unpaired,1,GAA,GAA
root,127,A127G,False,False,0,12,A,pol,AAA,K,GAA,E,K43E,False,False,1,43,False,11,1,,A,G,AG,nonsynonymous,False,unpaired,1,GAA,GAA
root,127,A127T,False,False,0,0,A,pol,AAA,K,TAA,*,K43*,False,False,1,43,False,0,0,,A,T,AT,nonsense,False,unpaired,1,GAA,GAA
root,128,A128C,False,False,0,23,A,pol,AAA,K,ACA,T,K43T,False,False,2,43,False,17,6,,A,C,AC,nonsynonymous,False,unpaired,1,AAA,AAA
root,128,A128G,False,False,0,239,A,pol,AAA,K,AGA,R,K43R,False,False,2,43,False,172,67,,A,G,AG,nonsynonymous,False,unpaired,1,AAA,AAA
root,128,A128T,False,False,0,4,A,pol,AAA,K,ATA,I,K43I,False,False,2,43,False,4,0,,A,T,AT,nonsynonymous,False,unpaired,1,AAA,AAA
root,129,A129C,False,False,0,4,A,pol,AAA,K,AAC,N,K43N,False,False,3,43,False,3,1,,A,C,AC,nonsynonymous,False,unpaired,1,AAC,AAC
root,129,A129G,False,False,0,480,A,pol,AAA,K,AAG,K,K43K,True,False,3,43,False,321,159,,A,G,AG,synonymous,False,unpaired,1,AAC,AAC
root,129,A129T,False,False,0,0,A,pol,AAA,K,AAT,N,K43N,False,False,3,43,False,0,0,,A,T,AT,nonsynonymous,False,unpaired,1,AAC,AAC
root,130,C130A,False,False,0,0,C,pol,CCA,P,ACA,T,P44T,False,False,1,44,False,0,0,,C,A,CA,nonsynonymous,False,unpaired,1,ACC,ACC
root,130,C130G,False,False,0,0,C,pol,CCA,P,GCA,A,P44A,False,False,1,44,False,0,0,,C,G,CG,nonsynonymous,False,unpaired,1,ACC,ACC
root,130,C130T,False,False,0,3,C,pol,CCA,P,TCA,S,P44S,False,False,1,44,False,3,0,,C,T,CT,nonsynonymous,False,unpaired,1,ACC,ACC
root,131,C131A,False,False,0,0,C,pol,CCA,P,CAA,Q,P44Q,False,False,2,44,False,0,0,,C,A,CA,nonsynonymous,False,unpaired,1,CCA,CCA
root,131,C131G,False,False,0,0,C,pol,CCA,P,CGA,R,P44R,False,False,2,44,False,0,0,,C,G,CG,nonsynonymous,False,unpaired,1,CCA,CCA
root,131,C131T,False,False,0,0,C,pol,CCA,P,CTA,L,P44L,False,False,2,44,False,0,0,,C,T,CT,nonsynonymous,False,unpaired,1,CCA,CCA
root,132,A132C,False,False,0,14,A,pol,CCA,P,CCC,P,P44P,True,False,3,44,True,7,7,,A,C,AC,synonymous,False,unpaired,1,CAA,CAA
root,132,A132G,False,False,0,33,A,pol,CCA,P,CCG,P,P44P,True,False,3,44,True,26,7,,A,G,AG,synonymous,False,unpaired,1,CAA,CAA
root,132,A132T,False,False,0,23,A,pol,CCA,P,CCT,P,P44P,True,False,3,44,True,19,4,,A,T,AT,synonymous,False,unpaired,1,CAA,CAA
root,133,A133C,False,False,0,5,A,pol,AAA,K,CAA,Q,K45Q,False,False,1,45,False,4,1,,A,C,AC,nonsynonymous,False,unpaired,1,AAA,AAA
root,133,A133G,False,False,0,3,A,pol,AAA,K,GAA,E,K45E,False,False,1,45,False,3,0,,A,G,AG,nonsynonymous,False,unpaired,1,AAA,AAA
root,133,A133T,False,False,0,0,A,pol,AAA,K,TAA,*,K45*,False,False,1,45,False,0,0,,A,T,AT,nonsense,False,unpaired,1,AAA,AAA
root,134,A134C,False,False,0,2,A,pol,AAA,K,ACA,T,K45T,False,False,2,45,False,2,0,,A,C,AC,nonsynonymous,False,unpaired,1,AAA,AAA
root,134,A134G,False,False,0,316,A,pol,AAA,K,AGA,R,K45R,False,False,2,45,False,219,97,,A,G,AG,nonsynonymous,False,unpaired,1,AAA,AAA
root,134,A134T,False,False,0,0,A,pol,AAA,K,ATA,I,K45I,False,False,2,45,False,0,0,,A,T,AT,nonsynonymous,False,unpaired,1,AAA,AAA
root,135,A135C,False,False,0,1,A,pol,AAA,K,AAC,N,K45N,False,False,3,45,False,1,0,,A,C,AC,nonsynonymous,False,unpaired,1,AAA,AAA
root,135,A135G,False,False,0,95,A,pol,AAA,K,AAG,K,K45K,True,False,3,45,False,74,21,,A,G,AG,synonymous,False,unpaired,1,AAA,AAA
root,135,A135T,False,False,0,1,A,pol,AAA,K,AAT,N,K45N,False,False,3,45,False,1,0,,A,T,AT,nonsynonymous,False,unpaired,1,AAA,AAA
root,136,A136C,False,False,0,4,A,pol,ATG,M,CTG,L,M46L,False,False,1,46,False,3,1,,A,C,AC,nonsynonymous,False,unpaired,1,AAT,AAT
root,136,A136G,False,False,0,7,A,pol,ATG,M,GTG,V,M46V,False,False,1,46,False,6,1,,A,G,AG,nonsynonymous,False,unpaired,1,AAT,AAT
root,136,A136T,False,False,0,46,A,pol,ATG,M,TTG,L,M46L,False,False,1,46,False,32,14,,A,T,AT,nonsynonymous,False,unpaired,1,AAT,AAT
root,137,T137A,False,False,0,2,T,pol,ATG,M,AAG,K,M46K,False,False,2,46,False,2,0,,T,A,TA,nonsynonymous,False,unpaired,1,ATG,ATG
root,137,T137C,False,False,0,5,T,pol,ATG,M,ACG,T,M46T,False,False,2,46,False,5,0,,T,C,TC,nonsynonymous,False,unpaired,1,ATG,ATG
root,137,T137G,False,False,0,4,T,pol,ATG,M,AGG,R,M46R,False,False,2,46,False,3,1,,T,G,TG,nonsynonymous,False,unpaired,1,ATG,ATG
root,138,G138A,False,False,0,74,G,pol,ATG,M,ATA,I,M46I,False,False,3,46,False,51,23,,G,A,GA,nonsynonymous,False,unpaired,1,TGA,TGA
root,138,G138C,False,False,0,3,G,pol,ATG,M,ATC,I,M46I,False,False,3,46,False,3,0,,G,C,GC,nonsynonymous,False,unpaired,1,TGA,TGA
root,138,G138T,False,False,0,1,G,pol,ATG,M,ATT,I,M46I,False,False,3,46,False,1,0,,G,T,GT,nonsynonymous,False,unpaired,1,TGA,TGA
root,139,A139C,False,False,0,0,A,pol,ATA,I,CTA,L,I47L,False,False,1,47,False,0,0,,A,C,AC,nonsynonymous,False,unpaired,1,GAT,GAT
root,139,A139G,False,False,0,11,A,pol,ATA,I,GTA,V,I47V,False,False,1,47,False,6,5,,A,G,AG,nonsynonymous,False,unpaired,1,GAT,GAT
root,139,A139T,False,False,0,1,A,pol,ATA,I,TTA,L,I47L,False,False,1,47,False,0,1,,A,T,AT,nonsynonymous,False,unpaired,1,GAT,GAT
root,140,T140A,False,False,0,0,T,pol,ATA,I,AAA,K,I47K,False,False,2,47,False,0,0,,T,A,TA,nonsynonymous,False,unpaired,1,ATA,ATA
root,140,T140C,False,False,0,1,T,pol,ATA,I,ACA,T,I47T,False,False,2,47,False,1,0,,T,C,TC,nonsynonymous,False,unpaired,1,ATA,ATA
root,140,T140G,False,False,0,2,T,pol,ATA,I,AGA,R,I47R,False,False,2,47,False,2,0,,T,G,TG,nonsynonymous,False,unpaired,1,ATA,ATA
root,141,A141C,False,False,0,4,A,pol,ATA,I,ATC,I,I47I,True,False,3,47,False,4,0,,A,C,AC,synonymous,False,unpaired,1,TAG,TAG
root,141,A141G,False,False,0,10,A,pol,ATA,I,ATG,M,I47M,False,False,3,47,False,10,0,,A,G,AG,nonsynonymous,False,unpaired,1,TAG,TAG
root,141,A141T,False,False,0,7,A,pol,ATA,I,ATT,I,I47I,True,False,3,47,False,5,2,,A,T,AT,synonymous,False,unpaired,1,TAG,TAG
root,142,G142A,False,False,0,4,G,pol,GGG,G,AGG,R,G48R,False,False,1,48,False,3,1,,G,A,GA,nonsynonymous,False,unpaired,1,AGG,AGG
root,142,G142C,False,False,0,1,G,pol,GGG,G,CGG,R,G48R,False,False,1,48,False,1,0,,G,C,GC,nonsynonymous,False,unpaired,1,AGG,AGG
root,142,G142T,False,False,0,0,G,pol,GGG,G,TGG,W,G48W,False,False,1,48,False,0,0,,G,T,GT,nonsynonymous,False,unpaired,1,AGG,AGG
root,143,G143A,False,False,0,2,G,pol,GGG,G,GAG,E,G48E,False,False,2,48,False,1,1,,G,A,GA,nonsynonymous,False,unpaired,1,GGG,GGG
root,143,G143C,False,False,0,1,G,pol,GGG,G,GCG,A,G48A,False,False,2,48,False,0,1,,G,C,GC,nonsynonymous,False,unpaired,1,GGG,GGG
root,143,G143T,False,False,0,10,G,pol,GGG,G,GTG,V,G48V,False,False,2,48,False,4,6,,G,T,GT,nonsynonymous,False,unpaired,1,GGG,GGG
root,144,G144A,False,False,0,443,G,pol,GGG,G,GGA,G,G48G,True,False,3,48,True,306,137,,G,A,GA,synonymous,False,unpaired,1,GGG,GGG
root,144,G144C,False,False,0,1,G,pol,GGG,G,GGC,G,G48G,True,False,3,48,True,1,0,,G,C,GC,synonymous,False,unpaired,1,GGG,GGG
root,144,G144T,False,False,0,6,G,pol,GGG,G,GGT,G,G48G,True,False,3,48,True,3,3,,G,T,GT,synonymous,False,unpaired,1,GGG,GGG
root,145,G145A,False,False,0,3,G,pol,GGA,G,AGA,R,G49R,False,False,1,49,False,3,0,,G,A,GA,nonsynonymous,False,unpaired,1,GGG,GGG
root,145,G145C,False,False,0,1,G,pol,GGA,G,CGA,R,G49R,False,False,1,49,False,1,0,,G,C,GC,nonsynonymous,False,unpaired,1,GGG,GGG
root,145,G145T,False,False,0,0,G,pol,GGA,G,TGA,*,G49*,False,False,1,49,False,0,0,,G,T,GT,nonsense,False,unpaired,1,GGG,GGG
root,146,G146A,False,False,0,41,G,pol,GGA,G,GAA,E,G49E,False,False,2,49,False,35,6,,G,A,GA,nonsynonymous,False,unpaired,1,GGA,GGA
root,146,G146C,False,False,0,0,G,pol,GGA,G,GCA,A,G49A,False,False,2,49,False,0,0,,G,C,GC,nonsynonymous,False,unpaired,1,GGA,GGA
root,146,G146T,False,False,0,0,G,pol,GGA,G,GTA,V,G49V,False,False,2,49,False,0,0,,G,T,GT,nonsynonymous,False,unpaired,1,GGA,GGA
root,147,A147C,False,False,0,8,A,pol,GGA,G,GGC,G,G49G,True,False,3,49,True,7,1,,A,C,AC,synonymous,False,unpaired,1,GAA,GAA
root,147,A147G,False,False,0,70,A,pol,GGA,G,GGG,G,G49G,True,False,3,49,True,53,17,,A,G,AG,synonymous,False,unpaired,1,GAA,GAA
root,147,A147T,False,False,0,5,A,pol,GGA,G,GGT,G,G49G,True,False,3,49,True,2,3,,A,T,AT,synonymous,False,unpaired,1,GAA,GAA
root,148,A148C,False,False,0,3,A,pol,ATT,I,CTT,L,I50L,False,False,1,50,False,2,1,,A,C,AC,nonsynonymous,False,unpaired,1,AAT,AAT
root,148,A148G,False,False,0,8,A,pol,ATT,I,GTT,V,I50V,False,False,1,50,False,4,4,,A,G,AG,nonsynonymous,False,unpaired,1,AAT,AAT
root,148,A148T,False,False,0,1,A,pol,ATT,I,TTT,F,I50F,False,False,1,50,False,1,0,,A,T,AT,nonsynonymous,False,unpaired,1,AAT,AAT
root,149,T149A,False,False,0,0,T,pol,ATT,I,AAT,N,I50N,False,False,2,50,False,0,0,,T,A,TA,nonsynonymous,False,unpaired,1,ATT,ATT
root,149,T149C,False,False,0,1,T,pol,ATT,I,ACT,T,I50T,False,False,2,50,False,1,0,,T,C,TC,nonsynonymous,False,unpaired,1,ATT,ATT
root,149,T149G,False,False,0,1,T,pol,ATT,I,AGT,S,I50S,False,False,2,50,False,1,0,,T,G,TG,nonsynonymous,False,unpaired,1,ATT,ATT
root,150,T150A,False,False,0,21,T,pol,ATT,I,ATA,I,I50I,True,False,3,50,False,17,4,,T,A,TA,synonymous,False,unpaired,1,TTG,TTG
root,150,T150C,False,False,0,29,T,pol,ATT,I,ATC,I,I50I,True,False,3,50,False,23,6,,T,C,TC,synonymous,False,unpaired,1,TTG,TTG
root,150,T150G,False,False,0,1,T,pol,ATT,I,ATG,M,I50M,False,False,3,50,False,1,0,,T,G,TG,nonsynonymous,False,unpaired,1,TTG,TTG
root,151,G151A,False,False,0,8,G,pol,GGA,G,AGA,R,G51R,False,False,1,51,False,8,0,,G,A,GA,nonsynonymous,False,unpaired,1,TGG,TGG
root,151,G151C,False,False,0,0,G,pol,GGA,G,CGA,R,G51R,False,False,1,51,False,0,0,,G,C,GC,nonsynonymous,False,unpaired,1,TGG,TGG
root,151,G151T,False,False,0,0,G,pol,GGA,G,TGA,*,G51*,False,False,1,51,False,0,0,,G,T,GT,nonsense,False,unpaired,1,TGG,TGG
root,152,G152A,False,False,0,15,G,pol,GGA,G,GAA,E,G51E,False,False,2,51,False,15,0,,G,A,GA,nonsynonymous,False,unpaired,1,GGA,GGA
root,152,G152C,False,False,0,0,G,pol,GGA,G,GCA,A,G51A,False,False,2,51,False,0,0,,G,C,GC,nonsynonymous,False,unpaired,1,GGA,GGA
root,152,G152T,False,False,0,1,G,pol,GGA,G,GTA,V,G51V,False,False,2,51,False,1,0,,G,T,GT,nonsynonymous,False,unpaired,1,GGA,GGA
root,153,A153C,False,False,0,9,A,pol,GGA,G,GGC,G,G51G,True,False,3,51,True,4,5,,A,C,AC,synonymous,False,unpaired,1,GAG,GAG
root,153,A153G,False,False,0,239,A,pol,GGA,G,GGG,G,G51G,True,False,3,51,True,178,61,,A,G,AG,synonymous,False,unpaired,1,GAG,GAG
root,153,A153T,False,False,0,14,A,pol,GGA,G,GGT,G,G51G,True,False,3,51,True,9,5,,A,T,AT,synonymous,False,unpaired,1,GAG,GAG
root,154,G154A,False,False,0,3,G,pol,GGT,G,AGT,S,G52S,False,False,1,52,False,3,0,,G,A,GA,nonsynonymous,False,unpaired,1,AGG,AGG
root,154,G154C,False,False,0,0,G,pol,GGT,G,CGT,R,G52R,False,False,1,52,False,0,0,,G,C,GC,nonsynonymous,False,unpaired,1,AGG,AGG
root,154,G154T,False,False,0,1,G,pol,GGT,G,TGT,C,G52C,False,False,1,52,False,0,1,,G,T,GT,nonsynonymous,False,unpaired,1,AGG,AGG
root,155,G155A,False,False,0,5,G,pol,GGT,G,GAT,D,G52D,False,False,2,52,False,5,0,,G,A,GA,nonsynonymous,False,unpaired,1,GGT,GGT
root,155,G155C,False,False,0,2,G,pol,GGT,G,GCT,A,G52A,False,False,2,52,False,2,0,,G,C,GC,nonsynonymous,False,unpaired,1,GGT,GGT
root,155,G155T,False,False,0,0,G,pol,GGT,G,GTT,V,G52V,False,False,2,52,False,0,0,,G,T,GT,nonsynonymous,False,unpaired,1,GGT,GGT
root,156,T156A,False,False,0,133,T,pol,GGT,G,GGA,G,G52G,True,False,3,52,True,95,38,,T,A,TA,synonymous,False,unpaired,1,GTT,GTT
root,156,T156C,False,False,0,401,T,pol,GGT,G,GGC,G,G52G,True,False,3,52,True,273,128,,T,C,TC,synonymous,False,unpaired,1,GTT,GTT
root,156,T156G,False,False,0,128,T,pol,GGT,G,GGG,G,G52G,True,False,3,52,True,92,36,,T,G,TG,synonymous,False,unpaired,1,GTT,GTT
root,157,T157A,False,False,0,1,T,pol,TTT,F,ATT,I,F53I,False,False,1,53,False,1,0,,T,A,TA,nonsynonymous,False,unpaired,1,TTT,TTT
root,157,T157C,False,False,0,9,T,pol,TTT,F,CTT,L,F53L,False,False,1,53,False,7,2,,T,C,TC,nonsynonymous,False,unpaired,1,TTT,TTT
root,157,T157G,False,False,0,0,T,pol,TTT,F,GTT,V,F53V,False,False,1,53,False,0,0,,T,G,TG,nonsynonymous,False,unpaired,1,TTT,TTT
root,158,T158A,False,False,0,5,T,pol,TTT,F,TAT,Y,F53Y,False,False,2,53,False,5,0,,T,A,TA,nonsynonymous,False,unpaired,1,TTT,TTT
root,158,T158C,False,False,0,7,T,pol,TTT,F,TCT,S,F53S,False,False,2,53,False,6,1,,T,C,TC,nonsynonymous,False,unpaired,1,TTT,TTT
root,158,T158G,False,False,0,0,T,pol,TTT,F,TGT,C,F53C,False,False,2,53,False,0,0,,T,G,TG,nonsynonymous,False,unpaired,1,TTT,TTT
root,159,T159A,False,False,0,1,T,pol,TTT,F,TTA,L,F53L,False,False,3,53,False,0,1,,T,A,TA,nonsynonymous,False,unpaired,1,TTA,TTA
root,159,T159C,False,False,0,93,T,pol,TTT,F,TTC,F,F53F,True,False,3,53,False,59,34,,T,C,TC,synonymous,False,unpaired,1,TTA,TTA
root,159,T159G,False,False,0,2,T,pol,TTT,F,TTG,L,F53L,False,False,3,53,False,2,0,,T,G,TG,nonsynonymous,False,unpaired,1,TTA,TTA
root,160,A160C,False,False,0,5,A,pol,ATC,I,CTC,L,I54L,False,False,1,54,False,3,2,,A,C,AC,nonsynonymous,False,unpaired,1,TAT,TAT
root,160,A160G,False,False,0,37,A,pol,ATC,I,GTC,V,I54V,False,False,1,54,False,24,13,,A,G,AG,nonsynonymous,False,unpaired,1,TAT,TAT
root,160,A160T,False,False,0,0,A,pol,ATC,I,TTC,F,I54F,False,False,1,54,False,0,0,,A,T,AT,nonsynonymous,False,unpaired,1,TAT,TAT
root,161,T161A,False,False,0,1,T,pol,ATC,I,AAC,N,I54N,False,False,2,54,False,1,0,,T,A,TA,nonsynonymous,False,unpaired,1,ATC,ATC
root,161,T161C,False,False,0,4,T,pol,ATC,I,ACC,T,I54T,False,False,2,54,False,2,2,,T,C,TC,nonsynonymous,False,unpaired,1,ATC,ATC
root,161,T161G,False,False,0,2,T,pol,ATC,I,AGC,S,I54S,False,False,2,54,False,2,0,,T,G,TG,nonsynonymous,False,unpaired,1,ATC,ATC
root,162,C162A,False,False,0,56,C,pol,ATC,I,ATA,I,I54I,True,False,3,54,False,41,15,,C,A,CA,synonymous,False,unpaired,1,TCA,TCA
root,162,C162G,False,False,0,2,C,pol,ATC,I,ATG,M,I54M,False,False,3,54,False,1,1,,C,G,CG,nonsynonymous,False,unpaired,1,TCA,TCA
root,162,C162T,False,False,0,415,C,pol,ATC,I,ATT,I,I54I,True,False,3,54,False,287,128,,C,T,CT,synonymous,False,unpaired,1,TCA,TCA
root,163,A163C,False,False,0,1,A,pol,AAA,K,CAA,Q,K55Q,False,False,1,55,False,1,0,,A,C,AC,nonsynonymous,False,unpaired,1,CAA,CAA
root,163,A163G,False,False,0,4,A,pol,AAA,K,GAA,E,K55E,False,False,1,55,False,4,0,,A,G,AG,nonsynonymous,False,unpaired,1,CAA,CAA
root,163,A163T,False,False,0,0,A,pol,AAA,K,TAA,*,K55*,False,False,1,55,False,0,0,,A,T,AT,nonsense,False,unpaired,1,CAA,CAA
root,164,A164C,False,False,0,0,A,pol,AAA,K,ACA,T,K55T,False,False,2,55,False,0,0,,A,C,AC,nonsynonymous,False,unpaired,1,AAA,AAA
root,164,A164G,False,False,0,46,A,pol,AAA,K,AGA,R,K55R,False,False,2,55,False,34,12,,A,G,AG,nonsynonymous,False,unpaired,1,AAA,AAA
root,164,A164T,False,False,0,3,A,pol,AAA,K,ATA,I,K55I,False,False,2,55,False,2,1,,A,T,AT,nonsynonymous,False,unpaired,1,AAA,AAA
root,165,A165C,False,False,0,3,A,pol,AAA,K,AAC,N,K55N,False,False,3,55,False,3,0,,A,C,AC,nonsynonymous,False,unpaired,1,AAG,AAG
root,165,A165G,False,False,0,315,A,pol,AAA,K,AAG,K,K55K,True,False,3,55,False,180,135,,A,G,AG,synonymous,False,unpaired,1,AAG,AAG
root,165,A165T,False,False,0,1,A,pol,AAA,K,AAT,N,K55N,False,False,3,55,False,1,0,,A,T,AT,nonsynonymous,False,unpaired,1,AAG,AAG
root,166,G166A,False,False,0,7,G,pol,GTA,V,ATA,I,V56I,False,False,1,56,False,6,1,,G,A,GA,nonsynonymous,False,unpaired,1,AGT,AGT
root,166,G166C,False,False,0,0,G,pol,GTA,V,CTA,L,V56L,False,False,1,56,False,0,0,,G,C,GC,nonsynonymous,False,unpaired,1,AGT,AGT
root,166,G166T,False,False,0,1,G,pol,GTA,V,TTA,L,V56L,False,False,1,56,False,0,1,,G,T,GT,nonsynonymous,False,unpaired,1,AGT,AGT
root,167,T167A,False,False,0,1,T,pol,GTA,V,GAA,E,V56E,False,False,2,56,False,1,0,,T,A,TA,nonsynonymous,False,unpaired,1,GTA,GTA
root,167,T167C,False,False,0,3,T,pol,GTA,V,GCA,A,V56A,False,False,2,56,False,3,0,,T,C,TC,nonsynonymous,False,unpaired,1,GTA,GTA
root,167,T167G,False,False,0,2,T,pol,GTA,V,GGA,G,V56G,False,False,2,56,False,1,1,,T,G,TG,nonsynonymous,False,unpaired,1,GTA,GTA
root,168,A168C,False,False,0,36,A,pol,GTA,V,GTC,V,V56V,True,False,3,56,True,25,11,,A,C,AC,synonymous,False,unpaired,1,TAA,TAA
root,168,A168G,False,False,0,171,A,pol,GTA,V,GTG,V,V56V,True,False,3,56,True,119,52,,A,G,AG,synonymous,False,unpaired,1,TAA,TAA
root,168,A168T,False,False,0,67,A,pol,GTA,V,GTT,V,V56V,True,False,3,56,True,57,10,,A,T,AT,synonymous,False,unpaired,1,TAA,TAA
root,169,A169C,False,False,0,16,A,pol,AGA,R,CGA,R,R57R,True,False,1,57,False,11,5,,A,C,AC,synonymous,False,unpaired,1,AAG,AAG
root,169,A169G,False,False,0,6,A,pol,AGA,R,GGA,G,R57G,False,False,1,57,False,5,1,,A,G,AG,nonsynonymous,False,unpaired,1,AAG,AAG
root,169,A169T,False,False,0,0,A,pol,AGA,R,TGA,*,R57*,False,False,1,57,False,0,0,,A,T,AT,nonsense,False,unpaired,1,AAG,AAG
root,170,G170A,False,False,0,691,G,pol,AGA,R,AAA,K,R57K,False,False,2,57,False,459,232,,G,A,GA,nonsynonymous,False,unpaired,1,AGA,AGA
root,170,G170C,False,False,0,2,G,pol,AGA,R,ACA,T,R57T,False,False,2,57,False,1,1,,G,C,GC,nonsynonymous,False,unpaired,1,AGA,AGA
root,170,G170T,False,False,0,0,G,pol,AGA,R,ATA,I,R57I,False,False,2,57,False,0,0,,G,T,GT,nonsynonymous,False,unpaired,1,AGA,AGA
root,171,A171C,False,False,0,1,A,pol,AGA,R,AGC,S,R57S,False,False,3,57,False,1,0,,A,C,AC,nonsynonymous,False,unpaired,1,GAC,GAC
root,171,A171G,False,False,0,297,A,pol,AGA,R,AGG,R,R57R,True,False,3,57,False,210,87,,A,G,AG,synonymous,False,unpaired,1,GAC,GAC
root,171,A171T,False,False,0,0,A,pol,AGA,R,AGT,S,R57S,False,False,3,57,False,0,0,,A,T,AT,nonsynonymous,False,unpaired,1,GAC,GAC
root,172,C172A,False,False,0,2,C,pol,CAG,Q,AAG,K,Q58K,False,False,1,58,False,1,1,,C,A,CA,nonsynonymous,False,unpaired,1,ACA,ACA
root,172,C172G,False,False,0,34,C,pol,CAG,Q,GAG,E,Q58E,False,False,1,58,False,27,7,,C,G,CG,nonsynonymous,False,unpaired,1,ACA,ACA
root,172,C172T,False,False,0,3,C,pol,CAG,Q,TAG,*,Q58*,False,False,1,58,False,3,0,,C,T,CT,nonsense,False,unpaired,1,ACA,ACA
root,173,A173C,False,False,0,0,A,pol,CAG,Q,CCG,P,Q58P,False,False,2,58,False,0,0,,A,C,AC,nonsynonymous,False,unpaired,1,CAG,CAG
root,173,A173G,False,False,0,12,A,pol,CAG,Q,CGG,R,Q58R,False,False,2,58,False,12,0,,A,G,AG,nonsynonymous,False,unpaired,1,CAG,CAG
root,173,A173T,False,False,0,1,A,pol,CAG,Q,CTG,L,Q58L,False,False,2,58,False,1,0,,A,T,AT,nonsynonymous,False,unpaired,1,CAG,CAG
root,174,G174A,False,False,0,1065,G,pol,CAG,Q,CAA,Q,Q58Q,True,False,3,58,False,661,404,,G,A,GA,synonymous,False,unpaired,1,AGT,AGT
root,174,G174C,False,False,0,0,G,pol,CAG,Q,CAC,H,Q58H,False,False,3,58,False,0,0,,G,C,GC,nonsynonymous,False,unpaired,1,AGT,AGT
root,174,G174T,False,False,0,0,G,pol,CAG,Q,CAT,H,Q58H,False,False,3,58,False,0,0,,G,T,GT,nonsynonymous,False,unpaired,1,AGT,AGT
root,175,T175A,False,False,0,1,T,pol,TAT,Y,AAT,N,Y59N,False,False,1,59,False,1,0,,T,A,TA,nonsynonymous,False,unpaired,1,GTA,GTA
root,175,T175C,False,False,0,4,T,pol,TAT,Y,CAT,H,Y59H,False,False,1,59,False,3,1,,T,C,TC,nonsynonymous,False,unpaired,1,GTA,GTA
root,175,T175G,False,False,0,0,T,pol,TAT,Y,GAT,D,Y59D,False,False,1,59,False,0,0,,T,G,TG,nonsynonymous,False,unpaired,1,GTA,GTA
root,176,A176C,False,False,0,0,A,pol,TAT,Y,TCT,S,Y59S,False,False,2,59,False,0,0,,A,C,AC,nonsynonymous,False,unpaired,1,TAT,TAT
root,176,A176G,False,False,0,3,A,pol,TAT,Y,TGT,C,Y59C,False,False,2,59,False,2,1,,A,G,AG,nonsynonymous,False,unpaired,1,TAT,TAT
root,176,A176T,False,False,0,10,A,pol,TAT,Y,TTT,F,Y59F,False,False,2,59,False,8,2,,A,T,AT,nonsynonymous,False,unpaired,1,TAT,TAT
root,177,T177A,False,False,0,0,T,pol,TAT,Y,TAA,*,Y59*,False,False,3,59,False,0,0,,T,A,TA,nonsense,False,unpaired,1,ATG,ATG
root,177,T177C,False,False,0,63,T,pol,TAT,Y,TAC,Y,Y59Y,True,False,3,59,False,48,15,,T,C,TC,synonymous,False,unpaired,1,ATG,ATG
root,177,T177G,False,False,0,0,T,pol,TAT,Y,TAG,*,Y59*,False,False,3,59,False,0,0,,T,G,TG,nonsense,False,unpaired,1,ATG,ATG
root,178,G178A,False,False,0,18,G,pol,GAT,D,AAT,N,D60N,False,False,1,60,False,16,2,,G,A,GA,nonsynonymous,False,unpaired,1,TGA,TGA
root,178,G178C,False,False,0,0,G,pol,GAT,D,CAT,H,D60H,False,False,1,60,False,0,0,,G,C,GC,nonsynonymous,False,unpaired,1,TGA,TGA
root,178,G178T,False,False,0,0,G,pol,GAT,D,TAT,Y,D60Y,False,False,1,60,False,0,0,,G,T,GT,nonsynonymous,False,unpaired,1,TGA,TGA
root,179,A179C,False,False,0,1,A,pol,GAT,D,GCT,A,D60A,False,False,2,60,False,1,0,,A,C,AC,nonsynonymous,False,unpaired,1,GAT,GAT
root,179,A179G,False,False,0,5,A,pol,GAT,D,GGT,G,D60G,False,False,2,60,False,5,0,,A,G,AG,nonsynonymous,False,unpaired,1,GAT,GAT
root,179,A179T,False,False,0,1,A,pol,GAT,D,GTT,V,D60V,False,False,2,60,False,1,0,,A,T,AT,nonsynonymous,False,unpaired,1,GAT,GAT
root,180,T180A,False,False,0,158,T,pol,GAT,D,GAA,E,D60E,False,False,3,60,False,101,57,,T,A,TA,nonsynonymous,False,unpaired,1,ATC,ATC
root,180,T180C,False,False,0,132,T,pol,GAT,D,GAC,D,D60D,True,False,3,60,False,80,52,,T,C,TC,synonymous,False,unpaired,1,ATC,ATC
root,180,T180G,False,False,0,310,T,pol,GAT,D,GAG,E,D60E,False,False,3,60,False,195,115,,T,G,TG,nonsynonymous,False,unpaired,1,ATC,ATC
root,181,C181A,False,False,0,2,C,pol,CAG,Q,AAG,K,Q61K,False,False,1,61,False,2,0,,C,A,CA,nonsynonymous,False,unpaired,1,TCA,TCA
root,181,C181G,False,False,0,140,C,pol,CAG,Q,GAG,E,Q61E,False,False,1,61,False,93,47,,C,G,CG,nonsynonymous,False,unpaired,1,TCA,TCA
root,181,C181T,False,False,0,0,C,pol,CAG,Q,TAG,*,Q61*,False,False,1,61,False,0,0,,C,T,CT,nonsense,False,unpaired,1,TCA,TCA
root,182,A182C,False,False,0,0,A,pol,CAA,Q,CCA,P,Q61P,False,False,2,61,False,0,0,,A,C,AC,nonsynonymous,False,unpaired,1,CAA,CAA
root,182,A182G,False,False,0,10,A,pol,CAA,Q,CGA,R,Q61R,False,False,2,61,False,10,0,,A,G,AG,nonsynonymous,False,unpaired,1,CAA,CAA
root,182,A182T,False,False,0,10,A,pol,CAA,Q,CTA,L,Q61L,False,False,2,61,False,10,0,,A,T,AT,nonsynonymous,False,unpaired,1,CAA,CAA
root,182,A182C,False,False,0,2,A,pol,CAG,Q,CCG,P,Q61P,False,False,2,61,False,2,0,,A,C,AC,nonsynonymous,False,unpaired,1,CAG,CAG
root,182,A182G,False,False,0,8,A,pol,CAG,Q,CGG,R,Q61R,False,False,2,61,False,6,2,,A,G,AG,nonsynonymous,False,unpaired,1,CAG,CAG
root,182,A182T,False,False,0,2,A,pol,CAG,Q,CTG,L,Q61L,False,False,2,61,False,2,0,,A,T,AT,nonsynonymous,False,unpaired,1,CAG,CAG
root,183,G183A,False,False,0,784,G,pol,CAG,Q,CAA,Q,Q61Q,True,False,3,61,False,521,263,,G,A,GA,synonymous,False,unpaired,1,AGA,AGA
root,183,G183C,False,False,0,9,G,pol,CAG,Q,CAC,H,Q61H,False,False,3,61,False,9,0,,G,C,GC,nonsynonymous,False,unpaired,1,AGA,AGA
root,183,G183T,False,False,0,19,G,pol,CAG,Q,CAT,H,Q61H,False,False,3,61,False,15,4,,G,T,GT,nonsynonymous,False,unpaired,1,AGA,AGA
root,184,A184C,False,False,0,0,A,pol,ATA,I,CTA,L,I62L,False,False,1,62,False,0,0,,A,C,AC,nonsynonymous,False,unpaired,1,GAT,GAT
root,184,A184G,False,False,0,1215,A,pol,ATA,I,GTA,V,I62V,False,False,1,62,False,696,519,,A,G,AG,nonsynonymous,False,unpaired,1,GAT,GAT
root,184,A184T,False,False,0,0,A,pol,ATA,I,TTA,L,I62L,False,False,1,62,False,0,0,,A,T,AT,nonsynonymous,False,unpaired,1,GAT,GAT
root,185,T185A,False,False,0,8,T,pol,ATA,I,AAA,K,I62K,False,False,2,62,False,8,0,,T,A,TA,nonsynonymous,False,unpaired,1,ATA,ATA
root,185,T185C,False,False,0,7,T,pol,ATA,I,ACA,T,I62T,False,False,2,62,False,6,1,,T,C,TC,nonsynonymous,False,unpaired,1,ATA,ATA
root,185,T185G,False,False,0,0,T,pol,ATA,I,AGA,R,I62R,False,False,2,62,False,0,0,,T,G,TG,nonsynonymous,False,unpaired,1,ATA,ATA
root,186,A186C,False,False,0,31,A,pol,ATA,I,ATC,I,I62I,True,False,3,62,False,22,9,,A,C,AC,synonymous,False,unpaired,1,TAC,TAC
root,186,A186G,False,False,0,12,A,pol,ATA,I,ATG,M,I62M,False,False,3,62,False,11,1,,A,G,AG,nonsynonymous,False,unpaired,1,TAC,TAC
root,186,A186T,False,False,0,24,A,pol,ATA,I,ATT,I,I62I,True,False,3,62,False,20,4,,A,T,AT,synonymous,False,unpaired,1,TAC,TAC
root,190,A190C,False,False,0,120,A,pol,ATA,I,CTA,L,I64L,False,False,1,64,False,70,50,,A,C,AC,nonsynonymous,False,unpaired,1,CAT,CAT
root,190,A190G,False,False,0,397,A,pol,ATA,I,GTA,V,I64V,False,False,1,64,False,216,181,,A,G,AG,nonsynonymous,False,unpaired,1,CAT,CAT
root,190,A190T,False,False,0,146,A,pol,ATA,I,TTA,L,I64L,False,False,1,64,False,93,53,,A,T,AT,nonsynonymous,False,unpaired,1,CAT,CAT
root,190,A190C,False,False,0,70,A,pol,ATA,I,CTA,L,I64L,False,False,1,64,False,49,21,,A,C,AC,nonsynonymous,False,unpaired,1,TAT,TAT
root,190,A190G,False,False,0,128,A,pol,ATA,I,GTA,V,I64V,False,False,1,64,False,83,45,,A,G,AG,nonsynonymous,False,unpaired,1,TAT,TAT
root,190,A190T,False,False,0,47,A,pol,ATA,I,TTA,L,I64L,False,False,1,64,False,34,13,,A,T,AT,nonsynonymous,False,unpaired,1,TAT,TAT
root,191,T191A,False,False,0,0,T,pol,ATA,I,AAA,K,I64K,False,False,2,64,False,0,0,,T,A,TA,nonsynonymous,False,unpaired,1,ATA,ATA
root,191,T191C,False,False,0,2,T,pol,ATA,I,ACA,T,I64T,False,False,2,64,False,2,0,,T,C,TC,nonsynonymous,False,unpaired,1,ATA,ATA
root,191,T191G,False,False,0,0,T,pol,ATA,I,AGA,R,I64R,False,False,2,64,False,0,0,,T,G,TG,nonsynonymous,False,unpaired,1,ATA,ATA
root,192,A192C,False,False,0,6,A,pol,ATA,I,ATC,I,I64I,True,False,3,64,False,5,1,,A,C,AC,synonymous,False,unpaired,1,TAG,TAG
root,192,A192G,False,False,0,188,A,pol,ATA,I,ATG,M,I64M,False,False,3,64,False,143,45,,A,G,AG,nonsynonymous,False,unpaired,1,TAG,TAG
root,192,A192T,False,False,0,19,A,pol,ATA,I,ATT,I,I64I,True,False,3,64,False,14,5,,A,T,AT,synonymous,False,unpaired,1,TAG,TAG
root,193,G193A,False,False,0,35,G,pol,GAA,E,AAA,K,E65K,False,False,1,65,False,31,4,,G,A,GA,nonsynonymous,False,unpaired,1,AGA,AGA
root,193,G193C,False,False,0,2,G,pol,GAA,E,CAA,Q,E65Q,False,False,1,65,False,2,0,,G,C,GC,nonsynonymous,False,unpaired,1,AGA,AGA
root,193,G193T,False,False,0,0,G,pol,GAA,E,TAA,*,E65*,False,False,1,65,False,0,0,,G,T,GT,nonsense,False,unpaired,1,AGA,AGA
root,194,A194C,False,False,0,0,A,pol,GAA,E,GCA,A,E65A,False,False,2,65,False,0,0,,A,C,AC,nonsynonymous,False,unpaired,1,GAA,GAA
root,194,A194G,False,False,0,4,A,pol,GAA,E,GGA,G,E65G,False,False,2,65,False,4,0,,A,G,AG,nonsynonymous,False,unpaired,1,GAA,GAA
root,194,A194T,False,False,0,0,A,pol,GAA,E,GTA,V,E65V,False,False,2,65,False,0,0,,A,T,AT,nonsynonymous,False,unpaired,1,GAA,GAA
root,195,A195C,False,False,0,156,A,pol,GAA,E,GAC,D,E65D,False,False,3,65,False,104,52,,A,C,AC,nonsynonymous,False,unpaired,1,AAA,AAA
root,195,A195G,False,False,0,178,A,pol,GAA,E,GAG,E,E65E,True,False,3,65,False,118,60,,A,G,AG,synonymous,False,unpaired,1,AAA,AAA
root,195,A195T,False,False,0,58,A,pol,GAA,E,GAT,D,E65D,False,False,3,65,False,40,18,,A,T,AT,nonsynonymous,False,unpaired,1,AAA,AAA
root,196,A196C,False,False,0,3,A,pol,ATC,I,CTC,L,I66L,False,False,1,66,False,0,3,,A,C,AC,nonsynonymous,False,unpaired,1,AAT,AAT
root,196,A196G,False,False,0,11,A,pol,ATC,I,GTC,V,I66V,False,False,1,66,False,11,0,,A,G,AG,nonsynonymous,False,unpaired,1,AAT,AAT
root,196,A196T,False,False,0,11,A,pol,ATC,I,TTC,F,I66F,False,False,1,66,False,0,11,,A,T,AT,nonsynonymous,False,unpaired,1,AAT,AAT
root,196,A196C,False,False,0,7,A,pol,ATT,I,CTT,L,I66L,False,False,1,66,False,5,2,,A,C,AC,nonsynonymous,False,unpaired,1,AAT,AAT
root,196,A196G,False,False,0,14,A,pol,ATT,I,GTT,V,I66V,False,False,1,66,False,12,2,,A,G,AG,nonsynonymous,False,unpaired,1,AAT,AAT
root,196,A196T,False,False,0,3,A,pol,ATT,I,TTT,F,I66F,False,False,1,66,False,3,0,,A,T,AT,nonsynonymous,False,unpaired,1,AAT,AAT
root,197,T197A,False,False,0,0,T,pol,ATC,I,AAC,N,I66N,False,False,2,66,False,0,0,,T,A,TA,nonsynonymous,False,unpaired,1,ATC,ATC
root,197,T197C,False,False,0,5,T,pol,ATC,I,ACC,T,I66T,False,False,2,66,False,5,0,,T,C,TC,nonsynonymous,False,unpaired,1,ATC,ATC
root,197,T197G,False,False,0,0,T,pol,ATC,I,AGC,S,I66S,False,False,2,66,False,0,0,,T,G,TG,nonsynonymous,False,unpaired,1,ATC,ATC
root,197,T197A,False,False,0,2,T,pol,ATT,I,AAT,N,I66N,False,False,2,66,False,2,0,,T,A,TA,nonsynonymous,False,unpaired,1,ATT,ATT
root,197,T197C,False,False,0,3,T,pol,ATT,I,ACT,T,I66T,False,False,2,66,False,3,0,,T,C,TC,nonsynonymous,False,unpaired,1,ATT,ATT
root,197,T197G,False,False,0,0,T,pol,ATT,I,AGT,S,I66S,False,False,2,66,False,0,0,,T,G,TG,nonsynonymous,False,unpaired,1,ATT,ATT
root,198,C198A,False,False,0,246,C,pol,ATC,I,ATA,I,I66I,True,False,3,66,False,165,81,,C,A,CA,synonymous,False,unpaired,1,TCT,TCT
root,198,C198G,False,False,0,0,C,pol,ATC,I,ATG,M,I66M,False,False,3,66,False,0,0,,C,G,CG,nonsynonymous,False,unpaired,1,TCT,TCT
root,198,C198T,False,False,0,1615,C,pol,ATC,I,ATT,I,I66I,True,False,3,66,False,918,697,,C,T,CT,synonymous,False,unpaired,1,TCT,TCT
root,198,T198A,False,False,0,65,T,pol,ATT,I,ATA,I,I66I,True,False,3,66,False,46,19,,T,A,TA,synonymous,False,unpaired,1,TTT,TTT
root,198,T198C,False,False,0,346,T,pol,ATT,I,ATC,I,I66I,True,False,3,66,False,203,143,,T,C,TC,synonymous,False,unpaired,1,TTT,TTT
root,198,T198G,False,False,0,2,T,pol,ATT,I,ATG,M,I66M,False,False,3,66,False,0,2,,T,G,TG,nonsynonymous,False,unpaired,1,TTT,TTT
root,199,T199A,False,False,0,109,T,pol,TGT,C,AGT,S,C67S,False,False,1,67,False,81,28,,T,A,TA,nonsynonymous,False,unpaired,1,CTG,CTG
root,199,T199C,False,False,0,11,T,pol,TGT,C,CGT,R,C67R,False,False,1,67,False,11,0,,T,C,TC,nonsynonymous,False,unpaired,1,CTG,CTG
root,199,T199G,False,False,0,8,T,pol,TGT,C,GGT,G,C67G,False,False,1,67,False,8,0,,T,G,TG,nonsynonymous,False,unpaired,1,CTG,CTG
root,199,T199A,False,False,0,24,T,pol,TGT,C,AGT,S,C67S,False,False,1,67,False,20,4,,T,A,TA,nonsynonymous,False,unpaired,1,TTG,TTG
root,199,T199C,False,False,0,4,T,pol,TGT,C,CGT,R,C67R,False,False,1,67,False,2,2,,T,C,TC,nonsynonymous,False,unpaired,1,TTG,TTG
root,199,T199G,False,False,0,16,T,pol,TGT,C,GGT,G,C67G,False,False,1,67,False,11,5,,T,G,TG,nonsynonymous,False,unpaired,1,TTG,TTG
root,200,G200A,False,False,0,103,G,pol,TGT,C,TAT,Y,C67Y,False,False,2,67,False,79,24,,G,A,GA,nonsynonymous,False,unpaired,1,TGT,TGT
root,200,G200C,False,False,0,3,G,pol,TGT,C,TCT,S,C67S,False,False,2,67,False,2,1,,G,C,GC,nonsynonymous,False,unpaired,1,TGT,TGT
root,200,G200T,False,False,0,7,G,pol,TGT,C,TTT,F,C67F,False,False,2,67,False,7,0,,G,T,GT,nonsynonymous,False,unpaired,1,TGT,TGT
